id,user_id,game_type,hands_played,hands_won,hands_lost,hands_pushed,total_winnings,total_losses,blackjacks,busts,correct_decisions,total_decisions,created_at,updated_at
f19efa34-2287-480a-b9da-33cd74aaf479,99281e3b-3436-4c38-bd83-dc4b97028b81,classic,1,0,0,0,1425600000,0,1,0,0,0,Sun Sep 21 2025 10:36:31 GMT+0000 (Coordinated Universal Time),Wed Oct 01 2025 18:54:34 GMT+0000 (Coordinated Universal Time)
52bc9f8e-8d47-4234-b022-77dbf7632e50,c68e6ec2-d7db-4e32-80cf-d6c4291b273c,classic,1,0,0,0,0,1,0,0,0,0,Sun Sep 21 2025 12:22:34 GMT+0000 (Coordinated Universal Time),Wed Oct 01 2025 18:54:34 GMT+0000 (Coordinated Universal Time)
ce6fcfbb-b814-4da5-83a9-66cc28add39e,c68e6ec2-d7db-4e32-80cf-d6c4291b273c,classic,1,0,0,0,0,1,0,0,0,0,Sun Sep 21 2025 12:22:39 GMT+0000 (Coordinated Universal Time),Wed Oct 01 2025 18:54:34 GMT+0000 (Coordinated Universal Time)
851b1178-ad71-47c6-bcf0-a400532318f7,c68e6ec2-d7db-4e32-80cf-d6c4291b273c,classic,1,0,0,0,2,0,0,0,0,0,Sun Sep 21 2025 12:22:45 GMT+0000 (Coordinated Universal Time),Wed Oct 01 2025 18:54:34 GMT+0000 (Coordinated Universal Time)
ca7d40d2-f01d-4e9f-8be1-169da8c48064,c68e6ec2-d7db-4e32-80cf-d6c4291b273c,classic,1,0,0,0,2,0,0,0,0,0,Sun Sep 21 2025 12:22:54 GMT+0000 (Coordinated Universal Time),Wed Oct 01 2025 18:54:34 GMT+0000 (Coordinated Universal Time)
138e1df3-d7f2-40eb-a00c-82d9a40091b8,f574ecc8-af26-4bcf-88ab-96ef6815f479,classic,1,0,0,0,2,0,1,0,0,0,Sun Sep 21 2025 12:24:08 GMT+0000 (Coordinated Universal Time),Wed Oct 01 2025 18:54:34 GMT+0000 (Coordinated Universal Time)
860d0e94-a7dd-4464-9516-954a84f607c8,f574ecc8-af26-4bcf-88ab-96ef6815f479,classic,1,0,0,0,2,0,0,0,0,0,Sun Sep 21 2025 12:24:15 GMT+0000 (Coordinated Universal Time),Wed Oct 01 2025 18:54:34 GMT+0000 (Coordinated Universal Time)
df5e017f-0b6e-443e-ae95-6be05451bc63,f574ecc8-af26-4bcf-88ab-96ef6815f479,classic,1,0,0,0,1,0,0,0,0,0,Sun Sep 21 2025 12:24:21 GMT+0000 (Coordinated Universal Time),Wed Oct 01 2025 18:54:34 GMT+0000 (Coordinated Universal Time)
132f690e-da0f-4de8-a828-62883d41ade0,f574ecc8-af26-4bcf-88ab-96ef6815f479,classic,1,0,0,0,2,0,0,0,0,0,Sun Sep 21 2025 12:24:27 GMT+0000 (Coordinated Universal Time),Wed Oct 01 2025 18:54:34 GMT+0000 (Coordinated Universal Time)
0831976c-c066-49bf-9a8b-f791e195d513,f574ecc8-af26-4bcf-88ab-96ef6815f479,classic,1,0,0,0,2,0,0,0,0,0,Sun Sep 21 2025 12:24:32 GMT+0000 (Coordinated Universal Time),Wed Oct 01 2025 18:54:34 GMT+0000 (Coordinated Universal Time)
807f900f-858f-48f4-8e32-b57b5cad5244,9990af8a-c389-4970-9dfa-04a1ef0e2b3e,classic,1,0,0,0,0,5000,0,0,0,0,Sun Sep 21 2025 12:54:08 GMT+0000 (Coordinated Universal Time),Wed Oct 01 2025 18:54:34 GMT+0000 (Coordinated Universal Time)
8e335b78-4c43-4b2d-8a76-0f708fa949de,9990af8a-c389-4970-9dfa-04a1ef0e2b3e,classic,1,0,0,0,0,25,0,0,0,0,Sun Sep 21 2025 13:05:44 GMT+0000 (Coordinated Universal Time),Wed Oct 01 2025 18:54:34 GMT+0000 (Coordinated Universal Time)
0c2eba52-4ea1-4647-8140-7de73c37777c,9990af8a-c389-4970-9dfa-04a1ef0e2b3e,classic,1,0,0,0,0,19,0,0,0,0,Sun Sep 21 2025 13:05:53 GMT+0000 (Coordinated Universal Time),Wed Oct 01 2025 18:54:34 GMT+0000 (Coordinated Universal Time)
a844f954-04ca-4a71-8bf5-91ba88d4bbbb,9990af8a-c389-4970-9dfa-04a1ef0e2b3e,classic,1,0,0,0,0,42,0,0,0,0,Sun Sep 21 2025 13:06:57 GMT+0000 (Coordinated Universal Time),Wed Oct 01 2025 18:54:34 GMT+0000 (Coordinated Universal Time)
18ab6b0a-81b9-4908-ab36-fbea0ea3b4e4,9990af8a-c389-4970-9dfa-04a1ef0e2b3e,classic,1,0,0,0,764,0,0,0,0,0,Sun Sep 21 2025 13:08:14 GMT+0000 (Coordinated Universal Time),Wed Oct 01 2025 18:54:34 GMT+0000 (Coordinated Universal Time)
0b3ded5a-7563-4d2c-8c9d-15ac59f340d4,9990af8a-c389-4970-9dfa-04a1ef0e2b3e,classic,1,0,0,0,63290,0,1,0,0,0,Sun Sep 21 2025 13:08:20 GMT+0000 (Coordinated Universal Time),Wed Oct 01 2025 18:54:34 GMT+0000 (Coordinated Universal Time)
fbe7dbf1-182b-48ff-b6fe-968ae88008e2,9990af8a-c389-4970-9dfa-04a1ef0e2b3e,classic,1,0,0,0,0,22177,0,0,0,0,Sun Sep 21 2025 13:13:44 GMT+0000 (Coordinated Universal Time),Wed Oct 01 2025 18:54:34 GMT+0000 (Coordinated Universal Time)
d0e50e58-8457-4b36-bdb6-eb2da8dbb709,9990af8a-c389-4970-9dfa-04a1ef0e2b3e,classic,1,0,0,0,0,16632,0,0,0,0,Sun Sep 21 2025 13:13:54 GMT+0000 (Coordinated Universal Time),Wed Oct 01 2025 18:54:34 GMT+0000 (Coordinated Universal Time)
ca6c2791-8384-43e1-a23f-54b88a8d6797,9990af8a-c389-4970-9dfa-04a1ef0e2b3e,classic,1,0,0,0,12474,0,0,0,0,0,Sun Sep 21 2025 13:14:05 GMT+0000 (Coordinated Universal Time),Wed Oct 01 2025 18:54:34 GMT+0000 (Coordinated Universal Time)
cd8a3897-4fb3-4356-ac15-4e0fe3d0a94e,9990af8a-c389-4970-9dfa-04a1ef0e2b3e,classic,1,0,0,0,99794,0,0,0,0,0,Sun Sep 21 2025 13:14:24 GMT+0000 (Coordinated Universal Time),Wed Oct 01 2025 18:54:34 GMT+0000 (Coordinated Universal Time)
2686af6b-a739-4fa2-80d4-587f988a8382,9990af8a-c389-4970-9dfa-04a1ef0e2b3e,classic,1,0,0,0,49898,0,0,0,0,0,Sun Sep 21 2025 13:14:50 GMT+0000 (Coordinated Universal Time),Wed Oct 01 2025 18:54:34 GMT+0000 (Coordinated Universal Time)
f5f1e439-1399-423e-a41a-ed20950fad6c,9990af8a-c389-4970-9dfa-04a1ef0e2b3e,classic,1,0,0,0,0,31186,0,0,0,0,Sun Sep 21 2025 13:14:58 GMT+0000 (Coordinated Universal Time),Wed Oct 01 2025 18:54:34 GMT+0000 (Coordinated Universal Time)
b4a8e27d-0a01-42e0-b5c6-4d4a21b591f7,9990af8a-c389-4970-9dfa-04a1ef0e2b3e,classic,1,0,0,0,0,23552,0,0,0,0,Sun Sep 21 2025 14:09:18 GMT+0000 (Coordinated Universal Time),Wed Oct 01 2025 18:54:34 GMT+0000 (Coordinated Universal Time)
14478c8c-64d8-4359-9024-62713361dc2d,9990af8a-c389-4970-9dfa-04a1ef0e2b3e,classic,1,0,0,0,0,35328,0,0,0,0,Sun Sep 21 2025 14:09:26 GMT+0000 (Coordinated Universal Time),Wed Oct 01 2025 18:54:34 GMT+0000 (Coordinated Universal Time)
d844c4af-c911-4be1-b531-791eab5ea620,9990af8a-c389-4970-9dfa-04a1ef0e2b3e,classic,1,0,0,0,70654,0,0,0,0,0,Sun Sep 21 2025 14:09:32 GMT+0000 (Coordinated Universal Time),Wed Oct 01 2025 18:54:34 GMT+0000 (Coordinated Universal Time)
34ed0473-b3fc-4365-b505-fac8d343d643,9990af8a-c389-4970-9dfa-04a1ef0e2b3e,classic,1,0,0,0,282616,0,0,0,0,0,Sun Sep 21 2025 14:09:43 GMT+0000 (Coordinated Universal Time),Wed Oct 01 2025 18:54:34 GMT+0000 (Coordinated Universal Time)
500ad6cc-4e53-4f52-9a2f-7098cf124322,c68e6ec2-d7db-4e32-80cf-d6c4291b273c,high-stakes,1,0,0,0,1,0,0,0,0,0,Sun Sep 21 2025 14:11:18 GMT+0000 (Coordinated Universal Time),Wed Oct 01 2025 18:54:34 GMT+0000 (Coordinated Universal Time)
cf864cbb-c84f-45e1-8262-6448303f65c5,c68e6ec2-d7db-4e32-80cf-d6c4291b273c,high-stakes,1,0,0,0,0,1,0,0,0,0,Sun Sep 21 2025 14:11:24 GMT+0000 (Coordinated Universal Time),Wed Oct 01 2025 18:54:34 GMT+0000 (Coordinated Universal Time)
5a6a863c-9ab6-43a0-ac2f-ad65d1d5ac57,c68e6ec2-d7db-4e32-80cf-d6c4291b273c,high-stakes,1,0,0,0,0,1,0,0,0,0,Sun Sep 21 2025 14:11:33 GMT+0000 (Coordinated Universal Time),Wed Oct 01 2025 18:54:34 GMT+0000 (Coordinated Universal Time)
cbccf703-5fba-45a8-b1fb-09183416d6f4,c68e6ec2-d7db-4e32-80cf-d6c4291b273c,high-stakes,1,0,0,0,0,1,0,0,0,0,Sun Sep 21 2025 14:11:40 GMT+0000 (Coordinated Universal Time),Wed Oct 01 2025 18:54:34 GMT+0000 (Coordinated Universal Time)
041572c6-a0b1-4d39-8071-61f033a263a7,c68e6ec2-d7db-4e32-80cf-d6c4291b273c,high-stakes,1,0,0,0,6062,0,0,0,0,0,Sun Sep 21 2025 14:11:51 GMT+0000 (Coordinated Universal Time),Wed Oct 01 2025 18:54:34 GMT+0000 (Coordinated Universal Time)
babcc5c9-e647-4c91-bfa6-fadac3eb6918,c68e6ec2-d7db-4e32-80cf-d6c4291b273c,high-stakes,1,0,0,0,2,0,0,0,0,0,Sun Sep 21 2025 14:11:59 GMT+0000 (Coordinated Universal Time),Wed Oct 01 2025 18:54:34 GMT+0000 (Coordinated Universal Time)
2581dc94-fbfe-4a9b-82c1-3a736399dc2e,c68e6ec2-d7db-4e32-80cf-d6c4291b273c,high-stakes,1,0,0,0,1,0,0,0,0,0,Sun Sep 21 2025 14:12:05 GMT+0000 (Coordinated Universal Time),Wed Oct 01 2025 18:54:34 GMT+0000 (Coordinated Universal Time)
e76b003d-3c14-4bb2-b7cf-976efaba0941,c68e6ec2-d7db-4e32-80cf-d6c4291b273c,high-stakes,1,0,0,0,0,1,0,0,0,0,Sun Sep 21 2025 14:12:12 GMT+0000 (Coordinated Universal Time),Wed Oct 01 2025 18:54:34 GMT+0000 (Coordinated Universal Time)
a0321b8b-4e1a-46d4-9d40-df0db571043d,9990af8a-c389-4970-9dfa-04a1ef0e2b3e,classic,1,0,0,0,0,88318,0,0,0,0,Sun Sep 21 2025 14:42:44 GMT+0000 (Coordinated Universal Time),Wed Oct 01 2025 18:54:34 GMT+0000 (Coordinated Universal Time)
4d850686-bd68-4cc3-8e2a-413625f2f286,9990af8a-c389-4970-9dfa-04a1ef0e2b3e,classic,1,0,0,0,132476,0,0,0,0,0,Sun Sep 21 2025 14:42:56 GMT+0000 (Coordinated Universal Time),Wed Oct 01 2025 18:54:34 GMT+0000 (Coordinated Universal Time)
3cbd2628-f333-41ac-b59a-9073128f2c99,9990af8a-c389-4970-9dfa-04a1ef0e2b3e,classic,1,0,0,0,0,331190,0,0,0,0,Sun Sep 21 2025 14:43:14 GMT+0000 (Coordinated Universal Time),Wed Oct 01 2025 18:54:34 GMT+0000 (Coordinated Universal Time)
6972a058-becd-4a58-8368-1c32f188fe26,9990af8a-c389-4970-9dfa-04a1ef0e2b3e,classic,1,0,0,0,0,331190,0,0,0,0,Sun Sep 21 2025 14:44:56 GMT+0000 (Coordinated Universal Time),Wed Oct 01 2025 18:54:34 GMT+0000 (Coordinated Universal Time)
8352c191-5470-4528-9024-c60818db7ea9,9990af8a-c389-4970-9dfa-04a1ef0e2b3e,classic,1,0,0,0,0,15000,0,0,0,0,Sun Sep 21 2025 15:16:03 GMT+0000 (Coordinated Universal Time),Wed Oct 01 2025 18:54:34 GMT+0000 (Coordinated Universal Time)
c27de910-ea26-4736-9cdf-67a07dfb7bcd,9990af8a-c389-4970-9dfa-04a1ef0e2b3e,classic,1,0,0,0,15000,0,0,0,0,0,Sun Sep 21 2025 16:31:23 GMT+0000 (Coordinated Universal Time),Wed Oct 01 2025 18:54:34 GMT+0000 (Coordinated Universal Time)
03dd2257-8d76-44ff-ba22-d71cfcf24082,9990af8a-c389-4970-9dfa-04a1ef0e2b3e,classic,1,0,0,0,2,0,0,0,0,0,Sun Sep 21 2025 16:31:37 GMT+0000 (Coordinated Universal Time),Wed Oct 01 2025 18:54:34 GMT+0000 (Coordinated Universal Time)
9bd89720-400c-4147-b307-f4274de7797c,9990af8a-c389-4970-9dfa-04a1ef0e2b3e,classic,1,0,0,0,0,5625,0,0,0,0,Sun Sep 21 2025 16:43:15 GMT+0000 (Coordinated Universal Time),Wed Oct 01 2025 18:54:34 GMT+0000 (Coordinated Universal Time)
dd553862-21e6-4c3d-a6e1-5e81ab4e7b03,9990af8a-c389-4970-9dfa-04a1ef0e2b3e,classic,1,0,0,0,42190,0,1,0,0,0,Sun Sep 21 2025 16:43:20 GMT+0000 (Coordinated Universal Time),Wed Oct 01 2025 18:54:34 GMT+0000 (Coordinated Universal Time)
eac73548-660c-4952-95bf-aac60bf0a791,a04f1552-7132-48f2-a2c7-5cf91bf16582,classic,1,0,0,0,0,5000,0,0,0,0,Sun Sep 21 2025 16:47:07 GMT+0000 (Coordinated Universal Time),Wed Oct 01 2025 18:54:34 GMT+0000 (Coordinated Universal Time)
bdd072bd-2593-41d9-a92d-e748c45bcaf8,a04f1552-7132-48f2-a2c7-5cf91bf16582,classic,1,0,0,0,15000,0,0,0,0,0,Sun Sep 21 2025 16:47:31 GMT+0000 (Coordinated Universal Time),Wed Oct 01 2025 18:54:34 GMT+0000 (Coordinated Universal Time)
6c1e3842-588c-404d-9f13-0970ee7ae85c,a04f1552-7132-48f2-a2c7-5cf91bf16582,classic,1,0,0,0,2,0,0,0,0,0,Sun Sep 21 2025 16:47:38 GMT+0000 (Coordinated Universal Time),Wed Oct 01 2025 18:54:34 GMT+0000 (Coordinated Universal Time)
b03e9e36-1218-4716-9028-36776aa3ac4b,a04f1552-7132-48f2-a2c7-5cf91bf16582,classic,1,0,0,0,2275,0,0,0,0,0,Sun Sep 21 2025 16:49:48 GMT+0000 (Coordinated Universal Time),Wed Oct 01 2025 18:54:34 GMT+0000 (Coordinated Universal Time)
6d6b56c9-d1ed-4417-9a95-2ab032cb0c00,a04f1552-7132-48f2-a2c7-5cf91bf16582,classic,1,0,0,0,100104,0,1,0,0,0,Sun Sep 21 2025 16:51:09 GMT+0000 (Coordinated Universal Time),Wed Oct 01 2025 18:54:34 GMT+0000 (Coordinated Universal Time)
2b2943e2-2508-4037-90d8-a8c2b91924a3,a04f1552-7132-48f2-a2c7-5cf91bf16582,classic,1,0,0,0,2512,0,0,0,0,0,Sun Sep 21 2025 16:51:32 GMT+0000 (Coordinated Universal Time),Wed Oct 01 2025 18:54:34 GMT+0000 (Coordinated Universal Time)
1e2c80d4-b581-4233-aae0-bd948210f508,a04f1552-7132-48f2-a2c7-5cf91bf16582,classic,1,0,0,0,110552,0,0,0,0,0,Sun Sep 21 2025 16:52:08 GMT+0000 (Coordinated Universal Time),Wed Oct 01 2025 18:54:34 GMT+0000 (Coordinated Universal Time)
82fd1daa-4e7e-45c8-bf5c-eb1fc595a9c9,9990af8a-c389-4970-9dfa-04a1ef0e2b3e,classic,1,0,0,0,85180,0,0,0,0,0,Sun Sep 21 2025 16:58:11 GMT+0000 (Coordinated Universal Time),Wed Oct 01 2025 18:54:34 GMT+0000 (Coordinated Universal Time)
0ed96330-496d-4027-9aaf-61a29f3d4161,9990af8a-c389-4970-9dfa-04a1ef0e2b3e,classic,1,0,0,0,0,85180,0,0,0,0,Sun Sep 21 2025 16:58:26 GMT+0000 (Coordinated Universal Time),Wed Oct 01 2025 18:54:34 GMT+0000 (Coordinated Universal Time)
21e71549-ab07-47df-8dbd-1e652b60b240,9990af8a-c389-4970-9dfa-04a1ef0e2b3e,classic,1,0,0,0,15000,0,0,0,0,0,Sun Sep 21 2025 16:59:03 GMT+0000 (Coordinated Universal Time),Wed Oct 01 2025 18:54:34 GMT+0000 (Coordinated Universal Time)
bda13057-5e66-4679-923a-3dd3c6dc20e6,9990af8a-c389-4970-9dfa-04a1ef0e2b3e,classic,1,0,0,0,0,9375,0,0,0,0,Sun Sep 21 2025 16:59:10 GMT+0000 (Coordinated Universal Time),Wed Oct 01 2025 18:54:34 GMT+0000 (Coordinated Universal Time)
1452ebed-184d-4202-92c1-707e834e0bb2,a04f1552-7132-48f2-a2c7-5cf91bf16582,classic,1,0,0,0,414570,0,0,0,0,0,Sun Sep 21 2025 17:15:49 GMT+0000 (Coordinated Universal Time),Wed Oct 01 2025 18:54:34 GMT+0000 (Coordinated Universal Time)
e802b9f7-5723-42e4-8475-c55c2c127549,a04f1552-7132-48f2-a2c7-5cf91bf16582,classic,1,0,0,0,1243710,0,0,0,0,0,Sun Sep 21 2025 17:16:05 GMT+0000 (Coordinated Universal Time),Wed Oct 01 2025 18:54:34 GMT+0000 (Coordinated Universal Time)
09755ba4-574c-4b34-bc9f-9a131ba877e7,a04f1552-7132-48f2-a2c7-5cf91bf16582,classic,1,0,0,0,622256,0,0,0,0,0,Sun Sep 21 2025 17:18:40 GMT+0000 (Coordinated Universal Time),Wed Oct 01 2025 18:54:34 GMT+0000 (Coordinated Universal Time)
7d37a976-b772-460c-8f58-9caff213e7f0,a04f1552-7132-48f2-a2c7-5cf91bf16582,classic,1,0,0,0,155793,0,0,0,0,0,Sun Sep 21 2025 17:19:32 GMT+0000 (Coordinated Universal Time),Wed Oct 01 2025 18:54:34 GMT+0000 (Coordinated Universal Time)
8e7e6667-7480-4289-97eb-b18b207ebe91,a04f1552-7132-48f2-a2c7-5cf91bf16582,classic,1,0,0,0,15579,0,0,0,0,0,Sun Sep 21 2025 17:19:44 GMT+0000 (Coordinated Universal Time),Wed Oct 01 2025 18:54:34 GMT+0000 (Coordinated Universal Time)
96d67f79-4a60-45cc-9a6e-1a4680e4fcbc,a04f1552-7132-48f2-a2c7-5cf91bf16582,classic,1,0,0,0,1557,0,0,0,0,0,Sun Sep 21 2025 17:19:52 GMT+0000 (Coordinated Universal Time),Wed Oct 01 2025 18:54:34 GMT+0000 (Coordinated Universal Time)
a5c2c1eb-bbae-46e1-8d8a-44850ed93954,a04f1552-7132-48f2-a2c7-5cf91bf16582,classic,1,0,0,0,155,0,0,0,0,0,Sun Sep 21 2025 17:19:58 GMT+0000 (Coordinated Universal Time),Wed Oct 01 2025 18:54:34 GMT+0000 (Coordinated Universal Time)
ecb314bb-3c98-4ee1-aef1-f92fffbfb4ea,a04f1552-7132-48f2-a2c7-5cf91bf16582,classic,1,0,0,0,465,0,0,0,0,0,Sun Sep 21 2025 17:20:05 GMT+0000 (Coordinated Universal Time),Wed Oct 01 2025 18:54:34 GMT+0000 (Coordinated Universal Time)
b6f873e7-a2a9-4f5c-b945-06975482cec6,9990af8a-c389-4970-9dfa-04a1ef0e2b3e,classic,1,0,0,0,28126,0,0,0,0,0,Sun Sep 21 2025 19:46:08 GMT+0000 (Coordinated Universal Time),Wed Oct 01 2025 18:54:34 GMT+0000 (Coordinated Universal Time)
d6ae1578-fe78-4926-8c83-5a678cbfb323,9990af8a-c389-4970-9dfa-04a1ef0e2b3e,classic,1,0,0,0,2,0,0,0,0,0,Sun Sep 21 2025 19:46:44 GMT+0000 (Coordinated Universal Time),Wed Oct 01 2025 18:54:34 GMT+0000 (Coordinated Universal Time)
a2028de0-c2b8-49c1-852b-957c51baf300,9990af8a-c389-4970-9dfa-04a1ef0e2b3e,high-stakes,1,0,0,0,0,7911,0,0,0,0,Sun Sep 21 2025 20:51:10 GMT+0000 (Coordinated Universal Time),Wed Oct 01 2025 18:54:34 GMT+0000 (Coordinated Universal Time)
439061d8-85c0-40a5-8d9c-c49ea717eff4,9990af8a-c389-4970-9dfa-04a1ef0e2b3e,high-stakes,1,0,0,0,11866,0,0,0,0,0,Sun Sep 21 2025 20:51:15 GMT+0000 (Coordinated Universal Time),Wed Oct 01 2025 18:54:34 GMT+0000 (Coordinated Universal Time)
3f465e57-902e-4293-85dd-21348e61d7bf,9990af8a-c389-4970-9dfa-04a1ef0e2b3e,high-stakes,1,0,0,0,0,7416,0,0,0,0,Sun Sep 21 2025 20:51:21 GMT+0000 (Coordinated Universal Time),Wed Oct 01 2025 18:54:34 GMT+0000 (Coordinated Universal Time)
2052c1cc-5230-49a0-abbb-ebdee475b2f4,9990af8a-c389-4970-9dfa-04a1ef0e2b3e,high-stakes,1,0,0,0,5562,0,0,0,0,0,Sun Sep 21 2025 20:51:27 GMT+0000 (Coordinated Universal Time),Wed Oct 01 2025 18:54:34 GMT+0000 (Coordinated Universal Time)
466a3297-634b-43ce-b71a-9d0cd97bc77e,9990af8a-c389-4970-9dfa-04a1ef0e2b3e,high-stakes,1,0,0,0,11124,0,0,0,0,0,Sun Sep 21 2025 20:51:33 GMT+0000 (Coordinated Universal Time),Wed Oct 01 2025 18:54:34 GMT+0000 (Coordinated Universal Time)
a83c79b3-b48f-43fd-ba1c-91b83a78bd46,9990af8a-c389-4970-9dfa-04a1ef0e2b3e,high-stakes,1,0,0,0,0,6953,0,0,0,0,Sun Sep 21 2025 20:51:39 GMT+0000 (Coordinated Universal Time),Wed Oct 01 2025 18:54:34 GMT+0000 (Coordinated Universal Time)
6580ccbb-9960-4a5c-8110-7660c5137c13,9990af8a-c389-4970-9dfa-04a1ef0e2b3e,high-stakes,1,0,0,0,0,10429,0,0,0,0,Sun Sep 21 2025 20:51:46 GMT+0000 (Coordinated Universal Time),Wed Oct 01 2025 18:54:34 GMT+0000 (Coordinated Universal Time)
a896d2b2-86f3-4a13-b8cc-ac1bcf1a6045,9990af8a-c389-4970-9dfa-04a1ef0e2b3e,high-stakes,1,0,0,0,20856,0,0,0,0,0,Sun Sep 21 2025 20:51:53 GMT+0000 (Coordinated Universal Time),Wed Oct 01 2025 18:54:34 GMT+0000 (Coordinated Universal Time)
2822df48-6202-40a9-877b-a2f08f885222,9990af8a-c389-4970-9dfa-04a1ef0e2b3e,high-stakes,1,0,0,0,0,5214,0,0,0,0,Sun Sep 21 2025 20:52:00 GMT+0000 (Coordinated Universal Time),Wed Oct 01 2025 18:54:34 GMT+0000 (Coordinated Universal Time)
80320bcc-62de-48d6-9d94-8162189bd2bc,9990af8a-c389-4970-9dfa-04a1ef0e2b3e,high-stakes,1,0,0,0,7822,0,0,0,0,0,Sun Sep 21 2025 20:52:06 GMT+0000 (Coordinated Universal Time),Wed Oct 01 2025 18:54:34 GMT+0000 (Coordinated Universal Time)
e1479da0-18bf-4182-a29b-0d9c39c9d1be,9990af8a-c389-4970-9dfa-04a1ef0e2b3e,high-stakes,1,0,0,0,14664,0,1,0,0,0,Sun Sep 21 2025 20:52:10 GMT+0000 (Coordinated Universal Time),Wed Oct 01 2025 18:54:34 GMT+0000 (Coordinated Universal Time)
5cb99b52-9af9-4fe3-84fa-ac327d37cf9b,c68e6ec2-d7db-4e32-80cf-d6c4291b273c,classic,1,0,0,0,2,0,0,0,0,0,Sun Sep 21 2025 21:23:05 GMT+0000 (Coordinated Universal Time),Wed Oct 01 2025 18:54:34 GMT+0000 (Coordinated Universal Time)
73a74c16-7ce4-48a2-a05d-e4e92c82432b,c68e6ec2-d7db-4e32-80cf-d6c4291b273c,classic,1,0,0,0,1,0,0,0,0,0,Sun Sep 21 2025 21:23:10 GMT+0000 (Coordinated Universal Time),Wed Oct 01 2025 18:54:34 GMT+0000 (Coordinated Universal Time)
10906395-1fd8-4e3c-b365-f85f2ce8e96c,c68e6ec2-d7db-4e32-80cf-d6c4291b273c,classic,1,0,0,0,0,1,0,0,0,0,Sun Sep 21 2025 21:23:16 GMT+0000 (Coordinated Universal Time),Wed Oct 01 2025 18:54:34 GMT+0000 (Coordinated Universal Time)
79d93486-e099-4fc3-931d-ede7a60e2497,c68e6ec2-d7db-4e32-80cf-d6c4291b273c,classic,1,0,0,0,0,1,0,0,0,0,Sun Sep 21 2025 21:23:21 GMT+0000 (Coordinated Universal Time),Wed Oct 01 2025 18:54:34 GMT+0000 (Coordinated Universal Time)
9529bcd4-8c1d-407c-8062-e9755d2a09db,c68e6ec2-d7db-4e32-80cf-d6c4291b273c,classic,1,0,0,0,0,1,0,0,0,0,Sun Sep 21 2025 21:23:27 GMT+0000 (Coordinated Universal Time),Wed Oct 01 2025 18:54:34 GMT+0000 (Coordinated Universal Time)
c44d983f-ccb8-4b84-9c86-42080141be56,c68e6ec2-d7db-4e32-80cf-d6c4291b273c,classic,1,0,0,0,1,0,0,0,0,0,Sun Sep 21 2025 21:24:02 GMT+0000 (Coordinated Universal Time),Wed Oct 01 2025 18:54:34 GMT+0000 (Coordinated Universal Time)
b92ace03-780c-4a2c-95e1-48c593042e6e,9990af8a-c389-4970-9dfa-04a1ef0e2b3e,high-stakes,1,0,0,0,146645,0,0,0,0,0,Mon Sep 22 2025 13:07:59 GMT+0000 (Coordinated Universal Time),Wed Oct 01 2025 18:54:34 GMT+0000 (Coordinated Universal Time)
e4508af9-a2ac-416d-8417-91db9c06c5ed,9990af8a-c389-4970-9dfa-04a1ef0e2b3e,classic,1,0,0,0,36661,0,0,0,0,0,Mon Sep 22 2025 13:10:05 GMT+0000 (Coordinated Universal Time),Wed Oct 01 2025 18:54:34 GMT+0000 (Coordinated Universal Time)
a54afbdb-e868-4140-929c-1a1374ae9f01,9990af8a-c389-4970-9dfa-04a1ef0e2b3e,classic,1,0,0,0,0,36661,0,0,0,0,Mon Sep 22 2025 13:10:13 GMT+0000 (Coordinated Universal Time),Wed Oct 01 2025 18:54:34 GMT+0000 (Coordinated Universal Time)
8c140538-dfd9-4578-bcb1-44985aa9547e,9990af8a-c389-4970-9dfa-04a1ef0e2b3e,classic,1,0,0,0,0,20722,0,0,0,0,Mon Sep 22 2025 19:25:31 GMT+0000 (Coordinated Universal Time),Wed Oct 01 2025 18:54:34 GMT+0000 (Coordinated Universal Time)
6fbcc481-b254-45ec-9640-47c0b2297bbe,c68e6ec2-d7db-4e32-80cf-d6c4291b273c,classic,1,0,0,0,0,1,0,0,0,0,Mon Sep 22 2025 19:25:49 GMT+0000 (Coordinated Universal Time),Wed Oct 01 2025 18:54:34 GMT+0000 (Coordinated Universal Time)
e15f9fc7-54d7-4d62-8332-a4b45ca158d4,9990af8a-c389-4970-9dfa-04a1ef0e2b3e,high-stakes,1,0,0,0,62166,0,0,0,0,0,Mon Sep 22 2025 19:33:23 GMT+0000 (Coordinated Universal Time),Wed Oct 01 2025 18:54:34 GMT+0000 (Coordinated Universal Time)
99c5a28f-4a61-4aab-9a24-7be0ba85ce29,9990af8a-c389-4970-9dfa-04a1ef0e2b3e,high-stakes,1,0,0,0,0,62166,0,0,0,0,Mon Sep 22 2025 19:33:40 GMT+0000 (Coordinated Universal Time),Wed Oct 01 2025 18:54:34 GMT+0000 (Coordinated Universal Time)
692433dc-f550-4e46-8079-9bbc51a87f27,c68e6ec2-d7db-4e32-80cf-d6c4291b273c,classic,1,0,0,0,0,1,0,0,0,0,Mon Sep 22 2025 19:38:29 GMT+0000 (Coordinated Universal Time),Wed Oct 01 2025 18:54:34 GMT+0000 (Coordinated Universal Time)
a7715871-acff-4c40-9674-40fbebf122f4,c68e6ec2-d7db-4e32-80cf-d6c4291b273c,classic,1,0,0,0,2,0,0,0,0,0,Mon Sep 22 2025 19:38:39 GMT+0000 (Coordinated Universal Time),Wed Oct 01 2025 18:54:34 GMT+0000 (Coordinated Universal Time)
0b74d870-fb3f-461d-a647-a8b0f223605a,c68e6ec2-d7db-4e32-80cf-d6c4291b273c,classic,1,0,0,0,51896,0,0,0,0,0,Mon Sep 22 2025 20:04:02 GMT+0000 (Coordinated Universal Time),Wed Oct 01 2025 18:54:34 GMT+0000 (Coordinated Universal Time)
4a9eadb1-2655-4be1-8c6b-bc7fa0f1e379,c68e6ec2-d7db-4e32-80cf-d6c4291b273c,classic,1,0,0,0,0,1,0,0,0,0,Mon Sep 22 2025 20:04:55 GMT+0000 (Coordinated Universal Time),Wed Oct 01 2025 18:54:34 GMT+0000 (Coordinated Universal Time)
1427b58f-350e-4248-93c2-56fff700e9d0,c68e6ec2-d7db-4e32-80cf-d6c4291b273c,classic,1,0,0,0,0,1,0,0,0,0,Mon Sep 22 2025 20:10:51 GMT+0000 (Coordinated Universal Time),Wed Oct 01 2025 18:54:34 GMT+0000 (Coordinated Universal Time)
5c7b19bb-7d75-4d7c-a8e7-c23f825d5ea5,c68e6ec2-d7db-4e32-80cf-d6c4291b273c,classic,1,0,0,0,0,1,0,0,0,0,Mon Sep 22 2025 20:10:57 GMT+0000 (Coordinated Universal Time),Wed Oct 01 2025 18:54:34 GMT+0000 (Coordinated Universal Time)
c62a915d-d90a-4f7a-a261-60a561867bb1,c68e6ec2-d7db-4e32-80cf-d6c4291b273c,classic,1,0,0,0,0,1,0,0,0,0,Mon Sep 22 2025 20:11:07 GMT+0000 (Coordinated Universal Time),Wed Oct 01 2025 18:54:34 GMT+0000 (Coordinated Universal Time)
a5b367f4-2e1f-44b9-8de5-1a8061681a13,c68e6ec2-d7db-4e32-80cf-d6c4291b273c,classic,1,0,0,0,0,1,0,0,0,0,Mon Sep 22 2025 20:13:10 GMT+0000 (Coordinated Universal Time),Wed Oct 01 2025 18:54:34 GMT+0000 (Coordinated Universal Time)
e1d417ee-22d1-4247-985f-77d54cc60858,c68e6ec2-d7db-4e32-80cf-d6c4291b273c,classic,1,0,0,0,0,1,0,0,0,0,Mon Sep 22 2025 20:18:04 GMT+0000 (Coordinated Universal Time),Wed Oct 01 2025 18:54:34 GMT+0000 (Coordinated Universal Time)
6ac6e758-e120-4a61-b552-9e70a0a4ebe5,c68e6ec2-d7db-4e32-80cf-d6c4291b273c,classic,1,0,0,0,0,1,0,0,0,0,Mon Sep 22 2025 20:21:51 GMT+0000 (Coordinated Universal Time),Wed Oct 01 2025 18:54:34 GMT+0000 (Coordinated Universal Time)
04854b26-3289-4ab9-82c3-4c0b9a8ce5b1,c68e6ec2-d7db-4e32-80cf-d6c4291b273c,classic,1,0,0,0,2,0,0,0,0,0,Mon Sep 22 2025 20:50:13 GMT+0000 (Coordinated Universal Time),Wed Oct 01 2025 18:54:34 GMT+0000 (Coordinated Universal Time)
24662709-0186-43fe-a1a3-974bda55f55c,c68e6ec2-d7db-4e32-80cf-d6c4291b273c,classic,1,0,0,0,0,1,0,0,0,0,Mon Sep 22 2025 20:50:22 GMT+0000 (Coordinated Universal Time),Wed Oct 01 2025 18:54:34 GMT+0000 (Coordinated Universal Time)
5f176400-256a-4992-a7a4-669d58a9c60e,c68e6ec2-d7db-4e32-80cf-d6c4291b273c,classic,1,0,0,0,0,1,0,0,0,0,Mon Sep 22 2025 20:50:28 GMT+0000 (Coordinated Universal Time),Wed Oct 01 2025 18:54:34 GMT+0000 (Coordinated Universal Time)
37b75896-8c14-438c-b5a5-58b4a3816d7d,c68e6ec2-d7db-4e32-80cf-d6c4291b273c,classic,1,0,0,0,0,1,0,0,0,0,Mon Sep 22 2025 20:50:41 GMT+0000 (Coordinated Universal Time),Wed Oct 01 2025 18:54:34 GMT+0000 (Coordinated Universal Time)
f4d73a68-453d-46b7-ac37-1bee76ad8f3a,65b9f75f-f6b0-4de1-a69a-a6b9cd03c5cd,classic,1,0,0,0,2500,0,0,0,0,0,Mon Sep 22 2025 20:52:00 GMT+0000 (Coordinated Universal Time),Wed Oct 01 2025 18:54:34 GMT+0000 (Coordinated Universal Time)
15ce6dae-a38d-4bb2-916e-2e7857cffdf4,65b9f75f-f6b0-4de1-a69a-a6b9cd03c5cd,classic,1,0,0,0,0,1563,0,0,0,0,Mon Sep 22 2025 20:52:31 GMT+0000 (Coordinated Universal Time),Wed Oct 01 2025 18:54:34 GMT+0000 (Coordinated Universal Time)
bb50fdf6-cb23-46f1-9b4c-8e937b3f17a9,c893143f-c1ab-4f4e-9e1a-0270e045e645,classic,1,0,0,0,2500,0,0,0,0,0,Tue Sep 23 2025 15:16:16 GMT+0000 (Coordinated Universal Time),Wed Oct 01 2025 18:54:34 GMT+0000 (Coordinated Universal Time)
f11438ce-4989-41a5-82ec-eb92658dd8c9,c893143f-c1ab-4f4e-9e1a-0270e045e645,classic,1,0,0,0,0,1625,0,0,0,0,Tue Sep 23 2025 15:16:26 GMT+0000 (Coordinated Universal Time),Wed Oct 01 2025 18:54:34 GMT+0000 (Coordinated Universal Time)
5c45f1c9-d34d-46be-b031-6b34b342784f,9e839c37-560a-4c19-a093-7b41ebe42d0f,classic,1,0,0,0,0,0,0,0,0,0,Tue Sep 23 2025 15:25:47 GMT+0000 (Coordinated Universal Time),Wed Oct 01 2025 18:54:34 GMT+0000 (Coordinated Universal Time)
7c765513-26e0-4121-aad0-55e8ee9da5a4,9990af8a-c389-4970-9dfa-04a1ef0e2b3e,classic,1,0,0,0,0,538,0,0,0,0,Tue Sep 23 2025 21:22:44 GMT+0000 (Coordinated Universal Time),Wed Oct 01 2025 18:54:34 GMT+0000 (Coordinated Universal Time)
978eca55-2737-4367-8156-ffda8913d0c2,9990af8a-c389-4970-9dfa-04a1ef0e2b3e,classic,1,0,0,0,0,403,0,0,0,0,Tue Sep 23 2025 21:23:12 GMT+0000 (Coordinated Universal Time),Wed Oct 01 2025 18:54:34 GMT+0000 (Coordinated Universal Time)
9efdeb26-c8b4-4d54-994f-0f00cc71eb56,c68e6ec2-d7db-4e32-80cf-d6c4291b273c,classic,1,0,0,0,1,0,0,0,0,0,Tue Sep 23 2025 21:58:28 GMT+0000 (Coordinated Universal Time),Wed Oct 01 2025 18:54:34 GMT+0000 (Coordinated Universal Time)
d792dbe7-9694-4cff-b460-28bab288fff8,9990af8a-c389-4970-9dfa-04a1ef0e2b3e,classic,1,0,0,0,120,0,0,0,0,0,Wed Sep 24 2025 07:54:29 GMT+0000 (Coordinated Universal Time),Wed Oct 01 2025 18:54:34 GMT+0000 (Coordinated Universal Time)
1c5a61f3-3a1c-4318-8b48-8041858af7cc,9990af8a-c389-4970-9dfa-04a1ef0e2b3e,high-stakes,1,0,0,0,240,0,1,0,0,0,Wed Sep 24 2025 07:54:42 GMT+0000 (Coordinated Universal Time),Wed Oct 01 2025 18:54:34 GMT+0000 (Coordinated Universal Time)
a61b1a3b-5387-49f3-831a-33cbd9f04e2d,9990af8a-c389-4970-9dfa-04a1ef0e2b3e,high-stakes,1,0,0,0,240,0,0,0,0,0,Wed Sep 24 2025 07:54:54 GMT+0000 (Coordinated Universal Time),Wed Oct 01 2025 18:54:34 GMT+0000 (Coordinated Universal Time)
4f343a58-41da-4f05-8a7f-08b632818fb4,9990af8a-c389-4970-9dfa-04a1ef0e2b3e,high-stakes,1,0,0,0,0,490,0,0,0,0,Wed Sep 24 2025 07:55:22 GMT+0000 (Coordinated Universal Time),Wed Oct 01 2025 18:54:34 GMT+0000 (Coordinated Universal Time)
4c788aa8-7f70-47b8-b3d3-84b285683055,9990af8a-c389-4970-9dfa-04a1ef0e2b3e,classic,1,0,0,0,1950,0,0,0,0,0,Wed Sep 24 2025 09:08:49 GMT+0000 (Coordinated Universal Time),Wed Oct 01 2025 18:54:34 GMT+0000 (Coordinated Universal Time)
714013c6-db38-4c4e-8375-d2bca9093388,c68e6ec2-d7db-4e32-80cf-d6c4291b273c,classic,1,0,0,0,0,1,0,0,0,0,Wed Sep 24 2025 11:51:49 GMT+0000 (Coordinated Universal Time),Wed Oct 01 2025 18:54:34 GMT+0000 (Coordinated Universal Time)
1b379c37-108a-43e8-b41a-3eafcd0862ab,c68e6ec2-d7db-4e32-80cf-d6c4291b273c,classic,1,0,0,0,1,0,0,0,0,0,Wed Sep 24 2025 11:52:04 GMT+0000 (Coordinated Universal Time),Wed Oct 01 2025 18:54:34 GMT+0000 (Coordinated Universal Time)
11461602-1b06-44ed-b6da-c35ec67cf005,c68e6ec2-d7db-4e32-80cf-d6c4291b273c,classic,1,0,0,0,2,0,0,0,0,0,Wed Sep 24 2025 14:56:43 GMT+0000 (Coordinated Universal Time),Wed Oct 01 2025 18:54:34 GMT+0000 (Coordinated Universal Time)
a665b29c-b07f-41a5-9ca2-02a17e0d2641,c68e6ec2-d7db-4e32-80cf-d6c4291b273c,classic,1,0,0,0,0,1,0,0,0,0,Wed Sep 24 2025 17:02:38 GMT+0000 (Coordinated Universal Time),Wed Oct 01 2025 18:54:34 GMT+0000 (Coordinated Universal Time)
fbe741f4-d5b1-42fc-8fc2-accf9a0909a3,c68e6ec2-d7db-4e32-80cf-d6c4291b273c,classic,1,0,0,0,2,0,1,0,0,0,Wed Sep 24 2025 17:02:42 GMT+0000 (Coordinated Universal Time),Wed Oct 01 2025 18:54:34 GMT+0000 (Coordinated Universal Time)
55244910-dc4e-4e44-9bd9-c4c2890de095,c68e6ec2-d7db-4e32-80cf-d6c4291b273c,classic,1,0,0,0,0,1,0,0,0,0,Wed Sep 24 2025 17:02:50 GMT+0000 (Coordinated Universal Time),Wed Oct 01 2025 18:54:34 GMT+0000 (Coordinated Universal Time)
82ab1d29-2c92-430e-a54c-1c0c34735e4d,c68e6ec2-d7db-4e32-80cf-d6c4291b273c,classic,1,0,0,0,0,1,0,0,0,0,Wed Sep 24 2025 19:27:59 GMT+0000 (Coordinated Universal Time),Wed Oct 01 2025 18:54:34 GMT+0000 (Coordinated Universal Time)
5552e88c-da99-455f-bb4c-d1601f1590fa,c68e6ec2-d7db-4e32-80cf-d6c4291b273c,classic,1,0,0,0,32475,0,1,0,0,0,Wed Sep 24 2025 20:14:50 GMT+0000 (Coordinated Universal Time),Wed Oct 01 2025 18:54:34 GMT+0000 (Coordinated Universal Time)
28142eb2-578d-4ce8-b74f-ec8f79f5baba,c68e6ec2-d7db-4e32-80cf-d6c4291b273c,classic,1,0,0,0,35722,0,0,0,0,0,Wed Sep 24 2025 20:15:24 GMT+0000 (Coordinated Universal Time),Wed Oct 01 2025 18:54:34 GMT+0000 (Coordinated Universal Time)
43b821f1-3976-4f40-92f7-fca0481f3e53,c68e6ec2-d7db-4e32-80cf-d6c4291b273c,classic,1,0,0,0,0,1,0,0,0,0,Thu Sep 25 2025 19:44:43 GMT+0000 (Coordinated Universal Time),Wed Oct 01 2025 18:54:34 GMT+0000 (Coordinated Universal Time)
6f9289ec-95ec-4aaf-9a5d-7f51eb935c38,c68e6ec2-d7db-4e32-80cf-d6c4291b273c,classic,1,0,0,0,2,0,0,0,0,0,Thu Sep 25 2025 19:45:24 GMT+0000 (Coordinated Universal Time),Wed Oct 01 2025 18:54:34 GMT+0000 (Coordinated Universal Time)
05cc25d5-800d-4219-a0e5-2bcf0997e4d3,c68e6ec2-d7db-4e32-80cf-d6c4291b273c,classic,1,0,0,0,0,1,0,0,0,0,Thu Sep 25 2025 20:18:02 GMT+0000 (Coordinated Universal Time),Wed Oct 01 2025 18:54:34 GMT+0000 (Coordinated Universal Time)
c4496077-b69e-42a9-9d37-e98f81e2a417,c68e6ec2-d7db-4e32-80cf-d6c4291b273c,classic,1,0,0,0,267822,0,0,0,0,0,Thu Sep 25 2025 20:30:40 GMT+0000 (Coordinated Universal Time),Wed Oct 01 2025 18:54:34 GMT+0000 (Coordinated Universal Time)
b9e409c6-431c-4f67-b15c-6e45c36413d4,c68e6ec2-d7db-4e32-80cf-d6c4291b273c,classic,1,0,0,0,0,1,0,0,0,0,Thu Sep 25 2025 20:46:46 GMT+0000 (Coordinated Universal Time),Wed Oct 01 2025 18:54:34 GMT+0000 (Coordinated Universal Time)
8d2ef8ca-9a50-4adf-a822-62bc1d64d8b2,c68e6ec2-d7db-4e32-80cf-d6c4291b273c,classic,1,0,0,0,2,0,1,0,0,0,Thu Sep 25 2025 20:51:31 GMT+0000 (Coordinated Universal Time),Wed Oct 01 2025 18:54:34 GMT+0000 (Coordinated Universal Time)
6cd28589-9a48-45d9-a352-ac58ca78634e,c68e6ec2-d7db-4e32-80cf-d6c4291b273c,classic,1,0,0,0,0,2,0,0,0,0,Thu Sep 25 2025 21:04:04 GMT+0000 (Coordinated Universal Time),Wed Oct 01 2025 18:54:34 GMT+0000 (Coordinated Universal Time)
7d09cbf3-3ccc-417d-9777-5a4974d00c97,c68e6ec2-d7db-4e32-80cf-d6c4291b273c,classic,1,0,0,0,0,1,0,0,0,0,Thu Sep 25 2025 21:16:12 GMT+0000 (Coordinated Universal Time),Wed Oct 01 2025 18:54:34 GMT+0000 (Coordinated Universal Time)
8666bfee-d88f-4c95-be59-548152f2bc5c,c68e6ec2-d7db-4e32-80cf-d6c4291b273c,classic,1,0,0,0,1,0,0,0,0,0,Thu Sep 25 2025 21:16:49 GMT+0000 (Coordinated Universal Time),Wed Oct 01 2025 18:54:34 GMT+0000 (Coordinated Universal Time)
c77e409f-f6c4-41c4-8364-893064ce6c94,c68e6ec2-d7db-4e32-80cf-d6c4291b273c,classic,1,0,0,0,2,0,0,0,0,0,Thu Sep 25 2025 21:20:49 GMT+0000 (Coordinated Universal Time),Wed Oct 01 2025 18:54:34 GMT+0000 (Coordinated Universal Time)
31f1de2b-0c87-4811-bad2-bdded793f665,c68e6ec2-d7db-4e32-80cf-d6c4291b273c,classic,1,0,0,0,0,1,0,0,0,0,Thu Sep 25 2025 21:20:59 GMT+0000 (Coordinated Universal Time),Wed Oct 01 2025 18:54:34 GMT+0000 (Coordinated Universal Time)
2e50aafa-ace4-4f9c-8a53-455fc18555dc,9990af8a-c389-4970-9dfa-04a1ef0e2b3e,classic,1,0,0,0,0,506,0,0,0,0,Thu Sep 25 2025 21:25:57 GMT+0000 (Coordinated Universal Time),Wed Oct 01 2025 18:54:34 GMT+0000 (Coordinated Universal Time)
5fab2a81-f074-4937-b5e4-e7495af60c84,9990af8a-c389-4970-9dfa-04a1ef0e2b3e,classic,1,0,0,0,0,759,0,0,0,0,Thu Sep 25 2025 21:31:06 GMT+0000 (Coordinated Universal Time),Wed Oct 01 2025 18:54:34 GMT+0000 (Coordinated Universal Time)
bd0169b0-11a4-47bc-87f8-cfc5fbac481a,9990af8a-c389-4970-9dfa-04a1ef0e2b3e,classic,1,0,0,0,12740,0,0,0,0,0,Fri Sep 26 2025 08:25:58 GMT+0000 (Coordinated Universal Time),Wed Oct 01 2025 18:54:34 GMT+0000 (Coordinated Universal Time)
6b21d254-245a-4ccf-bed9-7efe9bc84d4f,9990af8a-c389-4970-9dfa-04a1ef0e2b3e,classic,1,0,0,0,15926,0,0,0,0,0,Fri Sep 26 2025 08:26:07 GMT+0000 (Coordinated Universal Time),Wed Oct 01 2025 18:54:34 GMT+0000 (Coordinated Universal Time)
334b4201-1428-4dfc-ba0f-4d3192378ee7,9990af8a-c389-4970-9dfa-04a1ef0e2b3e,classic,1,0,0,0,19906,0,0,0,0,0,Fri Sep 26 2025 08:26:39 GMT+0000 (Coordinated Universal Time),Wed Oct 01 2025 18:54:34 GMT+0000 (Coordinated Universal Time)
be96a00b-2f96-42b8-aa8d-c6815239e1dc,9990af8a-c389-4970-9dfa-04a1ef0e2b3e,classic,1,0,0,0,14930,0,0,0,0,0,Fri Sep 26 2025 08:28:57 GMT+0000 (Coordinated Universal Time),Wed Oct 01 2025 18:54:34 GMT+0000 (Coordinated Universal Time)
7abeaf5d-1c28-49d5-b3fa-d0144683c286,9990af8a-c389-4970-9dfa-04a1ef0e2b3e,high-stakes,1,0,0,0,18662,0,0,0,0,0,Fri Sep 26 2025 08:29:07 GMT+0000 (Coordinated Universal Time),Wed Oct 01 2025 18:54:34 GMT+0000 (Coordinated Universal Time)
3c1ccfd3-ad6c-4dab-965a-6f9e995d549e,9990af8a-c389-4970-9dfa-04a1ef0e2b3e,high-stakes,1,0,0,0,0,23328,0,0,0,0,Fri Sep 26 2025 08:29:14 GMT+0000 (Coordinated Universal Time),Wed Oct 01 2025 18:54:34 GMT+0000 (Coordinated Universal Time)
3cef94b6-7ade-46da-9a2f-4463d21287f8,9990af8a-c389-4970-9dfa-04a1ef0e2b3e,high-stakes,1,0,0,0,46656,0,0,0,0,0,Fri Sep 26 2025 08:29:21 GMT+0000 (Coordinated Universal Time),Wed Oct 01 2025 18:54:34 GMT+0000 (Coordinated Universal Time)
e7cb7ea5-0e52-4616-88df-c8c06c8114bd,9990af8a-c389-4970-9dfa-04a1ef0e2b3e,high-stakes,1,0,0,0,0,3490,0,0,0,0,Fri Sep 26 2025 08:29:32 GMT+0000 (Coordinated Universal Time),Wed Oct 01 2025 18:54:34 GMT+0000 (Coordinated Universal Time)
76d21033-9cb0-427d-9862-6ac247fade49,9990af8a-c389-4970-9dfa-04a1ef0e2b3e,high-stakes,1,0,0,0,0,43166,0,0,0,0,Fri Sep 26 2025 08:29:40 GMT+0000 (Coordinated Universal Time),Wed Oct 01 2025 18:54:34 GMT+0000 (Coordinated Universal Time)
d23fa743-4d89-45a3-beca-23b8a83acf43,9990af8a-c389-4970-9dfa-04a1ef0e2b3e,classic,1,0,0,0,135000,0,0,0,0,0,Fri Sep 26 2025 08:33:10 GMT+0000 (Coordinated Universal Time),Wed Oct 01 2025 18:54:34 GMT+0000 (Coordinated Universal Time)
e20f57b0-75c5-4362-b1a6-aed52f5f808f,9990af8a-c389-4970-9dfa-04a1ef0e2b3e,classic,1,0,0,0,0,135000,0,0,0,0,Fri Sep 26 2025 08:35:18 GMT+0000 (Coordinated Universal Time),Wed Oct 01 2025 18:54:34 GMT+0000 (Coordinated Universal Time)
fe992e0f-c43f-4019-9866-b06c70693cc1,9990af8a-c389-4970-9dfa-04a1ef0e2b3e,all-in,1,0,0,0,4500,0,0,0,0,0,Fri Sep 26 2025 08:38:40 GMT+0000 (Coordinated Universal Time),Wed Oct 01 2025 18:54:34 GMT+0000 (Coordinated Universal Time)
ac5b410d-1a3c-4781-a202-1dac286a7ae5,9990af8a-c389-4970-9dfa-04a1ef0e2b3e,all-in,1,0,0,0,450,0,0,0,0,0,Fri Sep 26 2025 08:38:46 GMT+0000 (Coordinated Universal Time),Wed Oct 01 2025 18:54:34 GMT+0000 (Coordinated Universal Time)
f6335884-b458-48c5-b0e6-c6e79d9a32a5,9990af8a-c389-4970-9dfa-04a1ef0e2b3e,all-in,1,0,0,0,45,0,0,0,0,0,Fri Sep 26 2025 08:38:52 GMT+0000 (Coordinated Universal Time),Wed Oct 01 2025 18:54:34 GMT+0000 (Coordinated Universal Time)
e88f850e-8ac7-49e3-9101-7ae0955d0c78,9990af8a-c389-4970-9dfa-04a1ef0e2b3e,all-in,1,0,0,0,4,0,0,0,0,0,Fri Sep 26 2025 08:38:59 GMT+0000 (Coordinated Universal Time),Wed Oct 01 2025 18:54:34 GMT+0000 (Coordinated Universal Time)
c77e605b-8ef3-4b58-bc22-9a869d5ddf8e,9990af8a-c389-4970-9dfa-04a1ef0e2b3e,all-in,1,0,0,0,0,4,0,0,0,0,Fri Sep 26 2025 08:39:16 GMT+0000 (Coordinated Universal Time),Wed Oct 01 2025 18:54:34 GMT+0000 (Coordinated Universal Time)
2fecd033-6068-4885-8b69-56b8c2b62e06,9990af8a-c389-4970-9dfa-04a1ef0e2b3e,all-in,1,0,0,0,135000,0,0,0,0,0,Fri Sep 26 2025 08:39:38 GMT+0000 (Coordinated Universal Time),Wed Oct 01 2025 18:54:34 GMT+0000 (Coordinated Universal Time)
eabb11fa-3bd1-49e9-9274-dd0f940d72e9,9990af8a-c389-4970-9dfa-04a1ef0e2b3e,classic,1,0,0,0,0,33750,0,0,0,0,Fri Sep 26 2025 08:39:56 GMT+0000 (Coordinated Universal Time),Wed Oct 01 2025 18:54:34 GMT+0000 (Coordinated Universal Time)
501338da-4362-47c7-af70-bd0090abf794,9990af8a-c389-4970-9dfa-04a1ef0e2b3e,classic,1,0,0,0,25313,0,0,0,0,0,Fri Sep 26 2025 08:40:04 GMT+0000 (Coordinated Universal Time),Wed Oct 01 2025 18:54:34 GMT+0000 (Coordinated Universal Time)
f42f956e-1d5d-44d5-b3cf-46e4a93fc4ac,9990af8a-c389-4970-9dfa-04a1ef0e2b3e,classic,1,0,0,0,50626,0,0,0,0,0,Fri Sep 26 2025 08:40:10 GMT+0000 (Coordinated Universal Time),Wed Oct 01 2025 18:54:34 GMT+0000 (Coordinated Universal Time)
572b4c6b-7163-4dc7-8258-cede985c9ace,9990af8a-c389-4970-9dfa-04a1ef0e2b3e,classic,1,0,0,0,0,63282,0,0,0,0,Fri Sep 26 2025 08:40:17 GMT+0000 (Coordinated Universal Time),Wed Oct 01 2025 18:54:34 GMT+0000 (Coordinated Universal Time)
e9f8847f-61e0-4ece-b780-e2c445718111,9990af8a-c389-4970-9dfa-04a1ef0e2b3e,classic,1,0,0,0,0,31641,0,0,0,0,Fri Sep 26 2025 08:40:24 GMT+0000 (Coordinated Universal Time),Wed Oct 01 2025 18:54:34 GMT+0000 (Coordinated Universal Time)
ad365cc3-4630-4a6d-840f-e3bc99c940d5,9990af8a-c389-4970-9dfa-04a1ef0e2b3e,classic,1,0,0,0,0,7910,0,0,0,0,Fri Sep 26 2025 08:40:32 GMT+0000 (Coordinated Universal Time),Wed Oct 01 2025 18:54:34 GMT+0000 (Coordinated Universal Time)
d438c3ba-166d-41d7-8df7-3e1beb9e5aca,9990af8a-c389-4970-9dfa-04a1ef0e2b3e,classic,1,0,0,0,11866,0,0,0,0,0,Fri Sep 26 2025 08:40:40 GMT+0000 (Coordinated Universal Time),Wed Oct 01 2025 18:54:34 GMT+0000 (Coordinated Universal Time)
95b627a5-e09b-4669-98c0-9fa85a89f602,9990af8a-c389-4970-9dfa-04a1ef0e2b3e,classic,1,0,0,0,0,9441,0,0,0,0,Fri Sep 26 2025 08:49:50 GMT+0000 (Coordinated Universal Time),Wed Oct 01 2025 18:54:34 GMT+0000 (Coordinated Universal Time)
75148f28-527b-461b-b08a-0c09ccf870a7,9990af8a-c389-4970-9dfa-04a1ef0e2b3e,classic,1,0,0,0,7081,0,0,0,0,0,Fri Sep 26 2025 08:49:58 GMT+0000 (Coordinated Universal Time),Wed Oct 01 2025 18:54:34 GMT+0000 (Coordinated Universal Time)
756bff3f-e19e-49bb-855c-52678e261acd,9990af8a-c389-4970-9dfa-04a1ef0e2b3e,classic,1,0,0,0,0,7081,0,0,0,0,Fri Sep 26 2025 08:50:05 GMT+0000 (Coordinated Universal Time),Wed Oct 01 2025 18:54:34 GMT+0000 (Coordinated Universal Time)
cb49f9de-2404-4123-9876-cbf545b144db,9990af8a-c389-4970-9dfa-04a1ef0e2b3e,classic,1,0,0,0,0,5310,0,0,0,0,Fri Sep 26 2025 08:50:12 GMT+0000 (Coordinated Universal Time),Wed Oct 01 2025 18:54:34 GMT+0000 (Coordinated Universal Time)
574809da-e5bd-453b-808c-6636cac713fb,9990af8a-c389-4970-9dfa-04a1ef0e2b3e,classic,1,0,0,0,0,3983,0,0,0,0,Fri Sep 26 2025 08:50:20 GMT+0000 (Coordinated Universal Time),Wed Oct 01 2025 18:54:34 GMT+0000 (Coordinated Universal Time)
67caded7-5e07-483c-8c0c-c5160c0b233c,9990af8a-c389-4970-9dfa-04a1ef0e2b3e,classic,1,0,0,0,23896,0,0,0,0,0,Fri Sep 26 2025 08:50:29 GMT+0000 (Coordinated Universal Time),Wed Oct 01 2025 18:54:34 GMT+0000 (Coordinated Universal Time)
789a9f89-9c0c-4bd6-b213-33220b9db49c,9990af8a-c389-4970-9dfa-04a1ef0e2b3e,classic,1,0,0,0,0,1,0,0,0,0,Fri Sep 26 2025 10:33:15 GMT+0000 (Coordinated Universal Time),Wed Oct 01 2025 18:54:34 GMT+0000 (Coordinated Universal Time)
f59eab6b-89c0-423b-b9ac-201364583673,9990af8a-c389-4970-9dfa-04a1ef0e2b3e,classic,1,0,0,0,2,0,0,0,0,0,Fri Sep 26 2025 10:33:23 GMT+0000 (Coordinated Universal Time),Wed Oct 01 2025 18:54:34 GMT+0000 (Coordinated Universal Time)
3f6855d9-53b2-4085-b6fc-596278dfa9db,9990af8a-c389-4970-9dfa-04a1ef0e2b3e,classic,1,0,0,0,2,0,1,0,0,0,Fri Sep 26 2025 10:33:28 GMT+0000 (Coordinated Universal Time),Wed Oct 01 2025 18:54:34 GMT+0000 (Coordinated Universal Time)
5e68e39e-7ed8-4d65-9740-314351b34490,9990af8a-c389-4970-9dfa-04a1ef0e2b3e,classic,1,0,0,0,0,1,0,0,0,0,Fri Sep 26 2025 10:36:38 GMT+0000 (Coordinated Universal Time),Wed Oct 01 2025 18:54:34 GMT+0000 (Coordinated Universal Time)
3746e857-0e02-4305-ac9b-dcde659f2b6d,9990af8a-c389-4970-9dfa-04a1ef0e2b3e,classic,1,0,0,0,0,1,0,0,0,0,Fri Sep 26 2025 10:36:45 GMT+0000 (Coordinated Universal Time),Wed Oct 01 2025 18:54:34 GMT+0000 (Coordinated Universal Time)
de10c50c-d514-4b34-89d7-1c1231c977a9,9990af8a-c389-4970-9dfa-04a1ef0e2b3e,all-in,1,0,0,0,62883,0,0,0,0,0,Fri Sep 26 2025 10:39:16 GMT+0000 (Coordinated Universal Time),Wed Oct 01 2025 18:54:34 GMT+0000 (Coordinated Universal Time)
5aee3cd6-0927-403e-a6a0-191ffa8d4291,9990af8a-c389-4970-9dfa-04a1ef0e2b3e,classic,1,0,0,0,0,1,0,0,0,0,Fri Sep 26 2025 10:40:14 GMT+0000 (Coordinated Universal Time),Wed Oct 01 2025 18:54:34 GMT+0000 (Coordinated Universal Time)
c06f56df-3191-46b0-8046-7afcbee4d082,9990af8a-c389-4970-9dfa-04a1ef0e2b3e,classic,1,0,0,0,0,1,0,0,0,0,Fri Sep 26 2025 10:40:19 GMT+0000 (Coordinated Universal Time),Wed Oct 01 2025 18:54:34 GMT+0000 (Coordinated Universal Time)
39ae5238-b2ce-4808-a442-0e303976db73,9990af8a-c389-4970-9dfa-04a1ef0e2b3e,classic,1,0,0,0,0,1,0,0,0,0,Fri Sep 26 2025 10:40:24 GMT+0000 (Coordinated Universal Time),Wed Oct 01 2025 18:54:34 GMT+0000 (Coordinated Universal Time)
751de9bd-8f43-4fcd-9208-143ffc078b0e,9990af8a-c389-4970-9dfa-04a1ef0e2b3e,classic,1,0,0,0,0,1,0,0,0,0,Fri Sep 26 2025 10:40:30 GMT+0000 (Coordinated Universal Time),Wed Oct 01 2025 18:54:34 GMT+0000 (Coordinated Universal Time)
6b5c0b95-df8c-4736-b5af-c89a0fa0045b,9990af8a-c389-4970-9dfa-04a1ef0e2b3e,classic,1,0,0,0,2,0,1,0,0,0,Fri Sep 26 2025 10:47:29 GMT+0000 (Coordinated Universal Time),Wed Oct 01 2025 18:54:34 GMT+0000 (Coordinated Universal Time)
37309c9f-9ca8-4bd8-9396-c5ba74f1c7f4,9990af8a-c389-4970-9dfa-04a1ef0e2b3e,classic,1,0,0,0,2,0,1,0,0,0,Fri Sep 26 2025 10:52:28 GMT+0000 (Coordinated Universal Time),Wed Oct 01 2025 18:54:34 GMT+0000 (Coordinated Universal Time)
c47e797c-8e8a-45c6-a883-fa0fac2ce0e3,9990af8a-c389-4970-9dfa-04a1ef0e2b3e,classic,1,0,0,0,31440,0,0,0,0,0,Fri Sep 26 2025 10:52:40 GMT+0000 (Coordinated Universal Time),Wed Oct 01 2025 18:54:34 GMT+0000 (Coordinated Universal Time)
d05dd0fc-2526-4ac2-85bf-e4b1ff1092a0,9990af8a-c389-4970-9dfa-04a1ef0e2b3e,classic,1,0,0,0,78602,0,0,0,0,0,Fri Sep 26 2025 10:52:48 GMT+0000 (Coordinated Universal Time),Wed Oct 01 2025 18:54:34 GMT+0000 (Coordinated Universal Time)
7657c7c9-30c1-47c6-ad0c-7a23c5dd2402,9990af8a-c389-4970-9dfa-04a1ef0e2b3e,classic,1,0,0,0,0,58951,0,0,0,0,Fri Sep 26 2025 10:57:04 GMT+0000 (Coordinated Universal Time),Wed Oct 01 2025 18:54:34 GMT+0000 (Coordinated Universal Time)
6bc22cc6-af71-4671-9992-925f44e9473c,9990af8a-c389-4970-9dfa-04a1ef0e2b3e,classic,1,0,0,0,2,0,1,0,0,0,Fri Sep 26 2025 10:57:10 GMT+0000 (Coordinated Universal Time),Wed Oct 01 2025 18:54:34 GMT+0000 (Coordinated Universal Time)
ec79acc8-a457-440e-ab99-5507fa031494,9990af8a-c389-4970-9dfa-04a1ef0e2b3e,classic,1,0,0,0,0,1,0,0,0,0,Fri Sep 26 2025 10:57:15 GMT+0000 (Coordinated Universal Time),Wed Oct 01 2025 18:54:34 GMT+0000 (Coordinated Universal Time)
27b4b97c-6543-402c-b8d6-c9a873ebc360,9990af8a-c389-4970-9dfa-04a1ef0e2b3e,classic,1,0,0,0,0,1,0,0,0,0,Fri Sep 26 2025 10:57:22 GMT+0000 (Coordinated Universal Time),Wed Oct 01 2025 18:54:34 GMT+0000 (Coordinated Universal Time)
af854de2-25c6-4aa1-b4d1-50ba879791ff,9990af8a-c389-4970-9dfa-04a1ef0e2b3e,classic,1,0,0,0,2,0,0,0,0,0,Fri Sep 26 2025 10:57:28 GMT+0000 (Coordinated Universal Time),Wed Oct 01 2025 18:54:34 GMT+0000 (Coordinated Universal Time)
76723f56-9dea-4779-9102-5d668a479208,c68e6ec2-d7db-4e32-80cf-d6c4291b273c,classic,1,0,0,0,0,1,0,0,0,0,Fri Sep 26 2025 19:26:25 GMT+0000 (Coordinated Universal Time),Wed Oct 01 2025 18:54:34 GMT+0000 (Coordinated Universal Time)
0fbfaf0c-ebe1-4c9b-9f61-34006bccea17,c68e6ec2-d7db-4e32-80cf-d6c4291b273c,classic,1,0,0,0,0,1,0,0,0,0,Fri Sep 26 2025 19:26:38 GMT+0000 (Coordinated Universal Time),Wed Oct 01 2025 18:54:34 GMT+0000 (Coordinated Universal Time)
a950ad0c-8864-4f68-8269-7b606ea19a4c,c68e6ec2-d7db-4e32-80cf-d6c4291b273c,classic,1,0,0,0,0,1,0,0,0,0,Fri Sep 26 2025 19:26:47 GMT+0000 (Coordinated Universal Time),Wed Oct 01 2025 18:54:34 GMT+0000 (Coordinated Universal Time)
57eec584-9720-4008-b106-49a4269e7a45,c68e6ec2-d7db-4e32-80cf-d6c4291b273c,classic,1,0,0,0,0,1,0,0,0,0,Fri Sep 26 2025 19:30:09 GMT+0000 (Coordinated Universal Time),Wed Oct 01 2025 18:54:34 GMT+0000 (Coordinated Universal Time)
bc1e7b0a-98aa-4518-b7e8-afa009a76e9e,c68e6ec2-d7db-4e32-80cf-d6c4291b273c,classic,1,0,0,0,0,1,0,0,0,0,Fri Sep 26 2025 19:30:20 GMT+0000 (Coordinated Universal Time),Wed Oct 01 2025 18:54:34 GMT+0000 (Coordinated Universal Time)
1bba31f5-e390-4a3b-b2fa-c2303a6fed86,c68e6ec2-d7db-4e32-80cf-d6c4291b273c,classic,1,0,0,0,0,1,0,0,0,0,Fri Sep 26 2025 21:21:51 GMT+0000 (Coordinated Universal Time),Wed Oct 01 2025 18:54:34 GMT+0000 (Coordinated Universal Time)
e9142164-793d-4219-9ad0-f86349443704,c68e6ec2-d7db-4e32-80cf-d6c4291b273c,classic,1,0,0,0,2,0,1,0,0,0,Fri Sep 26 2025 21:21:55 GMT+0000 (Coordinated Universal Time),Wed Oct 01 2025 18:54:34 GMT+0000 (Coordinated Universal Time)
1be043e8-07f7-465e-987b-2cca52972e1a,c68e6ec2-d7db-4e32-80cf-d6c4291b273c,classic,1,0,0,0,2,0,0,0,0,0,Fri Sep 26 2025 21:22:10 GMT+0000 (Coordinated Universal Time),Wed Oct 01 2025 18:54:34 GMT+0000 (Coordinated Universal Time)
56cd8368-ec36-4cbc-a945-67c9ee557f6c,c68e6ec2-d7db-4e32-80cf-d6c4291b273c,classic,1,0,0,0,0,1,0,0,0,0,Fri Sep 26 2025 21:22:17 GMT+0000 (Coordinated Universal Time),Wed Oct 01 2025 18:54:34 GMT+0000 (Coordinated Universal Time)
ccaf1494-105f-4789-b83e-b14391eddd0f,c68e6ec2-d7db-4e32-80cf-d6c4291b273c,classic,1,0,0,0,0,1,0,0,0,0,Fri Sep 26 2025 21:22:27 GMT+0000 (Coordinated Universal Time),Wed Oct 01 2025 18:54:34 GMT+0000 (Coordinated Universal Time)
5bbf410b-b68f-40c1-9997-3d43b234b970,c68e6ec2-d7db-4e32-80cf-d6c4291b273c,classic,1,0,0,0,0,1,0,0,0,0,Fri Sep 26 2025 21:22:33 GMT+0000 (Coordinated Universal Time),Wed Oct 01 2025 18:54:34 GMT+0000 (Coordinated Universal Time)
474303f1-10ab-4079-bf3a-691fa8e711ef,c68e6ec2-d7db-4e32-80cf-d6c4291b273c,classic,1,0,0,0,2,0,0,0,0,0,Fri Sep 26 2025 21:23:30 GMT+0000 (Coordinated Universal Time),Wed Oct 01 2025 18:54:34 GMT+0000 (Coordinated Universal Time)
f387d8bf-65d5-4ed6-aefa-944701b5dff6,c68e6ec2-d7db-4e32-80cf-d6c4291b273c,classic,1,0,0,0,0,1,0,0,0,0,Fri Sep 26 2025 21:23:45 GMT+0000 (Coordinated Universal Time),Wed Oct 01 2025 18:54:34 GMT+0000 (Coordinated Universal Time)
4ab0d142-1362-4c19-b0cb-eb5c9ec4b6ee,9990af8a-c389-4970-9dfa-04a1ef0e2b3e,classic,1,0,0,0,0,14738,0,0,0,0,Sat Sep 27 2025 08:30:48 GMT+0000 (Coordinated Universal Time),Wed Oct 01 2025 18:54:34 GMT+0000 (Coordinated Universal Time)
300e4bf7-03e9-4be9-bbea-d6e3aa11db7a,9990af8a-c389-4970-9dfa-04a1ef0e2b3e,classic,1,0,0,0,0,1,0,0,0,0,Sat Sep 27 2025 08:30:55 GMT+0000 (Coordinated Universal Time),Wed Oct 01 2025 18:54:34 GMT+0000 (Coordinated Universal Time)
894e144d-06ec-4cef-9eae-11e5ee30a46f,9990af8a-c389-4970-9dfa-04a1ef0e2b3e,classic,1,0,0,0,0,22106,0,0,0,0,Sat Sep 27 2025 08:31:04 GMT+0000 (Coordinated Universal Time),Wed Oct 01 2025 18:54:34 GMT+0000 (Coordinated Universal Time)
b3c4aa5e-1bca-4db3-8849-8449d5633baf,9990af8a-c389-4970-9dfa-04a1ef0e2b3e,classic,1,0,0,0,44210,0,0,0,0,0,Sat Sep 27 2025 08:31:11 GMT+0000 (Coordinated Universal Time),Wed Oct 01 2025 18:54:34 GMT+0000 (Coordinated Universal Time)
bef96616-6355-42c8-8ca3-afb796d22b13,9990af8a-c389-4970-9dfa-04a1ef0e2b3e,classic,1,0,0,0,0,22105,0,0,0,0,Sat Sep 27 2025 08:31:37 GMT+0000 (Coordinated Universal Time),Wed Oct 01 2025 18:54:34 GMT+0000 (Coordinated Universal Time)
b7e605c4-401f-47ef-86b5-2581f3c307df,9990af8a-c389-4970-9dfa-04a1ef0e2b3e,all-in,1,0,0,0,88420,0,1,0,0,0,Sat Sep 27 2025 08:31:49 GMT+0000 (Coordinated Universal Time),Wed Oct 01 2025 18:54:34 GMT+0000 (Coordinated Universal Time)
97b8aa16-002c-462d-afad-8264f156dfda,9990af8a-c389-4970-9dfa-04a1ef0e2b3e,high-stakes,1,0,0,0,44210,0,0,0,0,0,Sat Sep 27 2025 08:32:06 GMT+0000 (Coordinated Universal Time),Wed Oct 01 2025 18:54:34 GMT+0000 (Coordinated Universal Time)
4863e10b-843f-46a5-998e-03c008dac975,9990af8a-c389-4970-9dfa-04a1ef0e2b3e,high-stakes,1,0,0,0,0,55263,0,0,0,0,Sat Sep 27 2025 08:32:15 GMT+0000 (Coordinated Universal Time),Wed Oct 01 2025 18:54:34 GMT+0000 (Coordinated Universal Time)
a8c36b7e-1057-42e7-8d1b-7b2e95d64cca,9990af8a-c389-4970-9dfa-04a1ef0e2b3e,high-stakes,1,0,0,0,27632,0,0,0,0,0,Sat Sep 27 2025 08:41:58 GMT+0000 (Coordinated Universal Time),Wed Oct 01 2025 18:54:34 GMT+0000 (Coordinated Universal Time)
24fbbccc-f17b-484e-a46f-4673b0e09220,9990af8a-c389-4970-9dfa-04a1ef0e2b3e,high-stakes,1,0,0,0,0,17270,0,0,0,0,Sat Sep 27 2025 08:42:15 GMT+0000 (Coordinated Universal Time),Wed Oct 01 2025 18:54:34 GMT+0000 (Coordinated Universal Time)
f9df6f26-540b-430c-935a-4de4158617ef,9990af8a-c389-4970-9dfa-04a1ef0e2b3e,high-stakes,1,0,0,0,0,51958,0,0,0,0,Sat Sep 27 2025 08:44:36 GMT+0000 (Coordinated Universal Time),Wed Oct 01 2025 18:54:34 GMT+0000 (Coordinated Universal Time)
b85fa265-4f57-4b5b-87f3-4816b1da0187,9990af8a-c389-4970-9dfa-04a1ef0e2b3e,high-stakes,1,0,0,0,22500,0,0,0,0,0,Sat Sep 27 2025 08:44:59 GMT+0000 (Coordinated Universal Time),Wed Oct 01 2025 18:54:34 GMT+0000 (Coordinated Universal Time)
bded4ab9-9e02-4676-9189-d7687ddbb1b0,9990af8a-c389-4970-9dfa-04a1ef0e2b3e,high-stakes,1,0,0,0,0,28125,0,0,0,0,Sat Sep 27 2025 08:45:31 GMT+0000 (Coordinated Universal Time),Wed Oct 01 2025 18:54:34 GMT+0000 (Coordinated Universal Time)
1b4c72b4-9901-4b47-b76f-23fce0fb5bc0,9990af8a-c389-4970-9dfa-04a1ef0e2b3e,high-stakes,1,0,0,0,28126,0,0,0,0,0,Sat Sep 27 2025 08:45:40 GMT+0000 (Coordinated Universal Time),Wed Oct 01 2025 18:54:34 GMT+0000 (Coordinated Universal Time)
7c1f92f9-e4ec-4133-9e0a-386ec8fb7771,9990af8a-c389-4970-9dfa-04a1ef0e2b3e,high-stakes,1,0,0,0,63282,0,0,0,0,0,Sat Sep 27 2025 08:45:48 GMT+0000 (Coordinated Universal Time),Wed Oct 01 2025 18:54:34 GMT+0000 (Coordinated Universal Time)
126cebb5-e66a-4d92-b871-b28089e8254d,9990af8a-c389-4970-9dfa-04a1ef0e2b3e,high-stakes,1,0,0,0,5328,0,0,0,0,0,Sat Sep 27 2025 08:46:00 GMT+0000 (Coordinated Universal Time),Wed Oct 01 2025 18:54:34 GMT+0000 (Coordinated Universal Time)
bf3145f7-9106-4961-8811-319a1ff492f0,9990af8a-c389-4970-9dfa-04a1ef0e2b3e,high-stakes,1,0,0,0,0,88372,0,0,0,0,Sat Sep 27 2025 08:46:08 GMT+0000 (Coordinated Universal Time),Wed Oct 01 2025 18:54:34 GMT+0000 (Coordinated Universal Time)
c0589f43-edb8-4f91-a05c-e0007e40d4de,9990af8a-c389-4970-9dfa-04a1ef0e2b3e,high-stakes,1,0,0,0,37500,0,0,0,0,0,Sat Sep 27 2025 08:47:18 GMT+0000 (Coordinated Universal Time),Wed Oct 01 2025 18:54:34 GMT+0000 (Coordinated Universal Time)
aac5663a-4104-4f75-9757-96b40c6a2765,9990af8a-c389-4970-9dfa-04a1ef0e2b3e,high-stakes,1,0,0,0,281250,0,0,0,0,0,Sat Sep 27 2025 08:47:25 GMT+0000 (Coordinated Universal Time),Wed Oct 01 2025 18:54:34 GMT+0000 (Coordinated Universal Time)
79e280fe-315c-4129-bf01-314d3f3ee622,9990af8a-c389-4970-9dfa-04a1ef0e2b3e,high-stakes,1,0,0,0,1125000,0,0,0,0,0,Sat Sep 27 2025 09:00:21 GMT+0000 (Coordinated Universal Time),Wed Oct 01 2025 18:54:34 GMT+0000 (Coordinated Universal Time)
2b45829c-b561-4aec-9649-90bfba5186c0,9990af8a-c389-4970-9dfa-04a1ef0e2b3e,high-stakes,1,0,0,0,5625000,0,0,0,0,0,Sat Sep 27 2025 09:00:38 GMT+0000 (Coordinated Universal Time),Wed Oct 01 2025 18:54:34 GMT+0000 (Coordinated Universal Time)
1c0fa858-42a7-40f6-a826-405471247a45,9990af8a-c389-4970-9dfa-04a1ef0e2b3e,high-stakes,1,0,0,0,0,5625000,0,0,0,0,Sat Sep 27 2025 09:21:49 GMT+0000 (Coordinated Universal Time),Wed Oct 01 2025 18:54:34 GMT+0000 (Coordinated Universal Time)
241d70cf-ef43-48cd-b327-39d1703d7fca,9990af8a-c389-4970-9dfa-04a1ef0e2b3e,classic,1,0,0,0,0,30000,0,0,0,0,Sat Sep 27 2025 09:26:42 GMT+0000 (Coordinated Universal Time),Wed Oct 01 2025 18:54:34 GMT+0000 (Coordinated Universal Time)
e8278d4d-9f50-4736-b507-13d228c131f6,9990af8a-c389-4970-9dfa-04a1ef0e2b3e,classic,1,0,0,0,45000,0,0,0,0,0,Sat Sep 27 2025 09:32:10 GMT+0000 (Coordinated Universal Time),Wed Oct 01 2025 18:54:34 GMT+0000 (Coordinated Universal Time)
6650ac92-67f9-490b-9cf1-cfe25ad76fe9,9990af8a-c389-4970-9dfa-04a1ef0e2b3e,high-stakes,1,0,0,0,0,67500,0,0,0,0,Sat Sep 27 2025 09:33:24 GMT+0000 (Coordinated Universal Time),Wed Oct 01 2025 18:54:34 GMT+0000 (Coordinated Universal Time)
e0cadcbb-2af7-40e4-b0af-46539fe669dd,9990af8a-c389-4970-9dfa-04a1ef0e2b3e,all-in,1,0,0,0,0,0,0,0,0,0,Sat Sep 27 2025 09:41:17 GMT+0000 (Coordinated Universal Time),Wed Oct 01 2025 18:54:34 GMT+0000 (Coordinated Universal Time)
35f1703d-25f5-4454-8c12-22eda5b23342,9990af8a-c389-4970-9dfa-04a1ef0e2b3e,all-in,1,0,0,0,420000,0,1,0,0,0,Sat Sep 27 2025 09:41:22 GMT+0000 (Coordinated Universal Time),Wed Oct 01 2025 18:54:34 GMT+0000 (Coordinated Universal Time)
68370b06-431f-4484-9717-f502d571a457,9990af8a-c389-4970-9dfa-04a1ef0e2b3e,all-in,1,0,0,0,0,420000,0,0,0,0,Sat Sep 27 2025 09:41:45 GMT+0000 (Coordinated Universal Time),Wed Oct 01 2025 18:54:34 GMT+0000 (Coordinated Universal Time)
94bdda71-f602-4c51-b968-874d2beb0370,9990af8a-c389-4970-9dfa-04a1ef0e2b3e,all-in,1,0,0,0,126000,0,0,0,0,0,Sat Sep 27 2025 09:41:55 GMT+0000 (Coordinated Universal Time),Wed Oct 01 2025 18:54:34 GMT+0000 (Coordinated Universal Time)
618e145a-7a12-49f9-93bb-42737c2fa525,9990af8a-c389-4970-9dfa-04a1ef0e2b3e,all-in,1,0,0,0,378600,0,0,0,0,0,Sat Sep 27 2025 09:42:05 GMT+0000 (Coordinated Universal Time),Wed Oct 01 2025 18:54:34 GMT+0000 (Coordinated Universal Time)
078d262e-0ce7-4194-a597-701c47f15041,9990af8a-c389-4970-9dfa-04a1ef0e2b3e,high-stakes,1,0,0,0,190530,0,0,0,0,0,Sat Sep 27 2025 09:43:44 GMT+0000 (Coordinated Universal Time),Wed Oct 01 2025 18:54:34 GMT+0000 (Coordinated Universal Time)
d6eb4288-7be3-4685-b41b-76871cb78adb,9990af8a-c389-4970-9dfa-04a1ef0e2b3e,high-stakes,1,0,0,0,1428975,0,1,0,0,0,Sat Sep 27 2025 09:56:48 GMT+0000 (Coordinated Universal Time),Wed Oct 01 2025 18:54:34 GMT+0000 (Coordinated Universal Time)
9b93e585-0fc7-44b5-a10b-3d02355c427c,9990af8a-c389-4970-9dfa-04a1ef0e2b3e,high-stakes,1,0,0,0,0,1428975,0,0,0,0,Sat Sep 27 2025 09:57:02 GMT+0000 (Coordinated Universal Time),Wed Oct 01 2025 18:54:34 GMT+0000 (Coordinated Universal Time)
020f91c6-105f-4d99-a506-cba59c6c2680,9990af8a-c389-4970-9dfa-04a1ef0e2b3e,all-in,1,0,0,0,0,60000,0,0,0,0,Sat Sep 27 2025 09:59:53 GMT+0000 (Coordinated Universal Time),Wed Oct 01 2025 18:54:34 GMT+0000 (Coordinated Universal Time)
a215fe62-b8eb-46bf-b189-850519f194fd,9990af8a-c389-4970-9dfa-04a1ef0e2b3e,all-in,1,0,0,0,0,6000,0,0,0,0,Sat Sep 27 2025 10:00:01 GMT+0000 (Coordinated Universal Time),Wed Oct 01 2025 18:54:34 GMT+0000 (Coordinated Universal Time)
b84d481b-f026-4c33-b983-0437d40d4816,c68e6ec2-d7db-4e32-80cf-d6c4291b273c,high-stakes,1,0,0,0,133896,0,1,0,0,0,Sat Sep 27 2025 10:29:21 GMT+0000 (Coordinated Universal Time),Wed Oct 01 2025 18:54:34 GMT+0000 (Coordinated Universal Time)
3a447249-c757-4362-b2f8-609ee8be9839,c68e6ec2-d7db-4e32-80cf-d6c4291b273c,high-stakes,1,0,0,0,334740,0,0,0,0,0,Sat Sep 27 2025 10:33:23 GMT+0000 (Coordinated Universal Time),Wed Oct 01 2025 18:54:34 GMT+0000 (Coordinated Universal Time)
61b64a16-9de9-480e-88ee-37bd6677194c,c68e6ec2-d7db-4e32-80cf-d6c4291b273c,high-stakes,1,0,0,0,0,585796,0,0,0,0,Sat Sep 27 2025 10:33:41 GMT+0000 (Coordinated Universal Time),Wed Oct 01 2025 18:54:34 GMT+0000 (Coordinated Universal Time)
adeeff93-3b10-4780-bf9b-806829aef077,c68e6ec2-d7db-4e32-80cf-d6c4291b273c,classic,1,0,0,0,0,1,0,0,0,0,Sat Sep 27 2025 10:48:50 GMT+0000 (Coordinated Universal Time),Wed Oct 01 2025 18:54:34 GMT+0000 (Coordinated Universal Time)
24a8b7cb-8292-4aab-9931-f6fa7bc60a2a,c68e6ec2-d7db-4e32-80cf-d6c4291b273c,classic,1,0,0,0,2,0,1,0,0,0,Sat Sep 27 2025 10:49:08 GMT+0000 (Coordinated Universal Time),Wed Oct 01 2025 18:54:34 GMT+0000 (Coordinated Universal Time)
a9dbf234-7aee-492e-8d65-d726fc5eaae3,c68e6ec2-d7db-4e32-80cf-d6c4291b273c,classic,1,0,0,0,0,1,0,0,0,0,Sat Sep 27 2025 10:49:14 GMT+0000 (Coordinated Universal Time),Wed Oct 01 2025 18:54:34 GMT+0000 (Coordinated Universal Time)
ee02b1a8-34b2-4782-8522-c8a348d2888c,c68e6ec2-d7db-4e32-80cf-d6c4291b273c,classic,1,0,0,0,0,1,0,0,0,0,Sat Sep 27 2025 10:53:27 GMT+0000 (Coordinated Universal Time),Wed Oct 01 2025 18:54:34 GMT+0000 (Coordinated Universal Time)
c8a06369-5cde-4ada-8294-2fc7be4166c4,9990af8a-c389-4970-9dfa-04a1ef0e2b3e,classic,1,0,0,0,1200,0,0,0,0,0,Sat Sep 27 2025 11:42:10 GMT+0000 (Coordinated Universal Time),Wed Oct 01 2025 18:54:34 GMT+0000 (Coordinated Universal Time)
8eaa6963-f0ab-4801-9aa6-3043ddfd0047,9990af8a-c389-4970-9dfa-04a1ef0e2b3e,classic,1,0,0,0,0,0,0,0,0,0,Sat Sep 27 2025 14:25:21 GMT+0000 (Coordinated Universal Time),Wed Oct 01 2025 18:54:34 GMT+0000 (Coordinated Universal Time)
ab57e0d1-5b01-4359-86a3-274ff792f3de,9990af8a-c389-4970-9dfa-04a1ef0e2b3e,classic,1,0,0,0,0,1200,0,0,0,0,Sat Sep 27 2025 14:25:29 GMT+0000 (Coordinated Universal Time),Wed Oct 01 2025 18:54:34 GMT+0000 (Coordinated Universal Time)
3a82bf9e-80f2-425c-a611-4fee7d5040bd,c68e6ec2-d7db-4e32-80cf-d6c4291b273c,classic,1,0,0,0,0,1,0,0,0,0,Sat Sep 27 2025 19:47:47 GMT+0000 (Coordinated Universal Time),Wed Oct 01 2025 18:54:34 GMT+0000 (Coordinated Universal Time)
015105fa-d68b-4337-8545-1f19a6feeb86,9990af8a-c389-4970-9dfa-04a1ef0e2b3e,all-in,1,0,0,0,0,15000,0,0,0,0,Sun Sep 28 2025 02:33:14 GMT+0000 (Coordinated Universal Time),Wed Oct 01 2025 18:54:34 GMT+0000 (Coordinated Universal Time)
ac0f7a81-1fe7-4fee-9fd1-9a12d5173d3e,9990af8a-c389-4970-9dfa-04a1ef0e2b3e,all-in,1,0,0,0,0,1500,0,0,0,0,Sun Sep 28 2025 02:33:22 GMT+0000 (Coordinated Universal Time),Wed Oct 01 2025 18:54:34 GMT+0000 (Coordinated Universal Time)
a20ae456-b9cb-47b1-be3b-679ac1fcdb76,9990af8a-c389-4970-9dfa-04a1ef0e2b3e,high-stakes,1,0,0,0,300,0,0,0,0,0,Sun Sep 28 2025 02:33:36 GMT+0000 (Coordinated Universal Time),Wed Oct 01 2025 18:54:34 GMT+0000 (Coordinated Universal Time)
fab191f0-af1b-40da-b6d2-b3e3099247fe,9990af8a-c389-4970-9dfa-04a1ef0e2b3e,high-stakes,1,0,0,0,900,0,0,0,0,0,Sun Sep 28 2025 02:34:11 GMT+0000 (Coordinated Universal Time),Wed Oct 01 2025 18:54:34 GMT+0000 (Coordinated Universal Time)
26f4954b-2515-4d3f-bb99-22c7560f4bd6,9990af8a-c389-4970-9dfa-04a1ef0e2b3e,high-stakes,1,0,0,0,0,900,0,0,0,0,Sun Sep 28 2025 02:34:19 GMT+0000 (Coordinated Universal Time),Wed Oct 01 2025 18:54:34 GMT+0000 (Coordinated Universal Time)
c17f29e2-fd39-4841-af77-6dde7dd473ba,9990af8a-c389-4970-9dfa-04a1ef0e2b3e,all-in,1,0,0,0,0,0,0,0,0,0,Sun Sep 28 2025 15:40:25 GMT+0000 (Coordinated Universal Time),Wed Oct 01 2025 18:54:34 GMT+0000 (Coordinated Universal Time)
49f61fe4-85e4-427e-9398-339537fe43d4,9990af8a-c389-4970-9dfa-04a1ef0e2b3e,all-in,1,0,0,0,348000000,0,1,0,0,0,Sun Sep 28 2025 15:40:29 GMT+0000 (Coordinated Universal Time),Wed Oct 01 2025 18:54:34 GMT+0000 (Coordinated Universal Time)
f4695620-ce99-47f8-b64b-e8b8da357e8b,9990af8a-c389-4970-9dfa-04a1ef0e2b3e,all-in,1,0,0,0,0,348000000,0,0,0,0,Sun Sep 28 2025 15:40:41 GMT+0000 (Coordinated Universal Time),Wed Oct 01 2025 18:54:34 GMT+0000 (Coordinated Universal Time)
3ade735c-d969-4569-8b4a-7bc2316bfe7f,9990af8a-c389-4970-9dfa-04a1ef0e2b3e,all-in,1,0,0,0,104400000,0,0,0,0,0,Sun Sep 28 2025 15:40:50 GMT+0000 (Coordinated Universal Time),Wed Oct 01 2025 18:54:34 GMT+0000 (Coordinated Universal Time)
505b7162-15bb-43c1-bf11-912526f15ee9,9990af8a-c389-4970-9dfa-04a1ef0e2b3e,all-in,1,0,0,0,0,104400000,0,0,0,0,Sun Sep 28 2025 15:40:58 GMT+0000 (Coordinated Universal Time),Wed Oct 01 2025 18:54:34 GMT+0000 (Coordinated Universal Time)
832d5127-a567-4fc3-8cbd-5a901dbb97b7,9990af8a-c389-4970-9dfa-04a1ef0e2b3e,classic,1,0,0,0,10440000,0,0,0,0,0,Sun Sep 28 2025 15:56:46 GMT+0000 (Coordinated Universal Time),Wed Oct 01 2025 18:54:34 GMT+0000 (Coordinated Universal Time)
96c83f5a-12f3-41b5-a39e-88e8b56c18d4,9990af8a-c389-4970-9dfa-04a1ef0e2b3e,classic,1,0,0,0,31320000,0,0,0,0,0,Sun Sep 28 2025 15:56:53 GMT+0000 (Coordinated Universal Time),Wed Oct 01 2025 18:54:34 GMT+0000 (Coordinated Universal Time)
161579dd-5e4e-42df-8611-ffa1a2471e0d,9990af8a-c389-4970-9dfa-04a1ef0e2b3e,high-stakes,1,0,0,0,62640000,0,0,0,0,0,Sun Sep 28 2025 15:57:03 GMT+0000 (Coordinated Universal Time),Wed Oct 01 2025 18:54:34 GMT+0000 (Coordinated Universal Time)
eb3cc39a-b41a-4b86-bddb-217fd85c3213,9990af8a-c389-4970-9dfa-04a1ef0e2b3e,high-stakes,1,0,0,0,0,0,0,0,0,0,Sun Sep 28 2025 15:57:11 GMT+0000 (Coordinated Universal Time),Wed Oct 01 2025 18:54:34 GMT+0000 (Coordinated Universal Time)
6cba7967-7f04-474e-9056-8124278419a9,9990af8a-c389-4970-9dfa-04a1ef0e2b3e,high-stakes,1,0,0,0,0,62640000,0,0,0,0,Sun Sep 28 2025 15:57:19 GMT+0000 (Coordinated Universal Time),Wed Oct 01 2025 18:54:34 GMT+0000 (Coordinated Universal Time)
7a966d27-8a2d-450d-9d90-e3b31de808f3,c68e6ec2-d7db-4e32-80cf-d6c4291b273c,classic,1,0,0,0,2,0,1,0,0,0,Sun Sep 28 2025 18:28:26 GMT+0000 (Coordinated Universal Time),Wed Oct 01 2025 18:54:34 GMT+0000 (Coordinated Universal Time)
2bb03969-84b1-4067-985d-3c7d040c18cf,c68e6ec2-d7db-4e32-80cf-d6c4291b273c,classic,1,0,0,0,0,2,0,0,0,0,Sun Sep 28 2025 18:28:48 GMT+0000 (Coordinated Universal Time),Wed Oct 01 2025 18:54:34 GMT+0000 (Coordinated Universal Time)
b69851e3-5c28-4758-922b-7b15ec435fb5,c68e6ec2-d7db-4e32-80cf-d6c4291b273c,classic,1,0,0,0,4998,0,0,0,0,0,Sun Sep 28 2025 18:29:02 GMT+0000 (Coordinated Universal Time),Wed Oct 01 2025 18:54:34 GMT+0000 (Coordinated Universal Time)
f9743a75-5e56-4d3f-93d5-74921be3d2da,c68e6ec2-d7db-4e32-80cf-d6c4291b273c,classic,1,0,0,0,0,1,0,0,0,0,Sun Sep 28 2025 18:29:18 GMT+0000 (Coordinated Universal Time),Wed Oct 01 2025 18:54:34 GMT+0000 (Coordinated Universal Time)
d6d08b0b-0b44-4d36-9913-94ad2e8105ba,c68e6ec2-d7db-4e32-80cf-d6c4291b273c,classic,1,0,0,0,0,1,0,0,0,0,Sun Sep 28 2025 18:33:38 GMT+0000 (Coordinated Universal Time),Wed Oct 01 2025 18:54:34 GMT+0000 (Coordinated Universal Time)
0fbcbb29-75a3-49d6-8dd2-42342699fa3d,c68e6ec2-d7db-4e32-80cf-d6c4291b273c,classic,1,0,0,0,0,1,0,0,0,0,Sun Sep 28 2025 18:34:28 GMT+0000 (Coordinated Universal Time),Wed Oct 01 2025 18:54:34 GMT+0000 (Coordinated Universal Time)
610aa412-b846-4989-adae-078a12169de4,9990af8a-c389-4970-9dfa-04a1ef0e2b3e,classic,1,0,0,0,0,1,0,0,0,0,Sun Sep 28 2025 19:47:13 GMT+0000 (Coordinated Universal Time),Wed Oct 01 2025 18:54:34 GMT+0000 (Coordinated Universal Time)
9019343a-3c3c-4bab-b7d1-ab383cbe06bf,c68e6ec2-d7db-4e32-80cf-d6c4291b273c,classic,1,0,0,0,0,1,0,0,0,0,Sun Sep 28 2025 19:47:16 GMT+0000 (Coordinated Universal Time),Wed Oct 01 2025 18:54:34 GMT+0000 (Coordinated Universal Time)
67666f16-e712-408a-beb6-ebf2ace1046b,9990af8a-c389-4970-9dfa-04a1ef0e2b3e,classic,1,0,0,0,0,1,0,0,0,0,Sun Sep 28 2025 19:48:01 GMT+0000 (Coordinated Universal Time),Wed Oct 01 2025 18:54:34 GMT+0000 (Coordinated Universal Time)
4fc720ca-38a2-4f85-8348-057565c5c0cc,9990af8a-c389-4970-9dfa-04a1ef0e2b3e,classic,1,0,0,0,0,1,0,0,0,0,Sun Sep 28 2025 19:57:09 GMT+0000 (Coordinated Universal Time),Wed Oct 01 2025 18:54:34 GMT+0000 (Coordinated Universal Time)
fb65558a-55ef-4335-b5c9-532793bfac06,9990af8a-c389-4970-9dfa-04a1ef0e2b3e,classic,1,0,0,0,2,0,0,0,0,0,Sun Sep 28 2025 19:57:15 GMT+0000 (Coordinated Universal Time),Wed Oct 01 2025 18:54:34 GMT+0000 (Coordinated Universal Time)
a21518e5-0533-49f9-9a0b-1fca617676e8,c68e6ec2-d7db-4e32-80cf-d6c4291b273c,classic,1,0,0,0,2,0,1,0,0,0,Sun Sep 28 2025 20:25:45 GMT+0000 (Coordinated Universal Time),Wed Oct 01 2025 18:54:34 GMT+0000 (Coordinated Universal Time)
860892a8-4782-428b-9202-70df008ff07b,c68e6ec2-d7db-4e32-80cf-d6c4291b273c,classic,1,0,0,0,0,1,0,0,0,0,Sun Sep 28 2025 20:25:51 GMT+0000 (Coordinated Universal Time),Wed Oct 01 2025 18:54:34 GMT+0000 (Coordinated Universal Time)
67bd4180-839b-4793-81d1-30917547e30d,c68e6ec2-d7db-4e32-80cf-d6c4291b273c,classic,1,0,0,0,0,1,0,0,0,0,Sun Sep 28 2025 20:25:56 GMT+0000 (Coordinated Universal Time),Wed Oct 01 2025 18:54:34 GMT+0000 (Coordinated Universal Time)
b0b71eeb-5d94-4ebd-8dc8-df8b3511569e,9990af8a-c389-4970-9dfa-04a1ef0e2b3e,classic,1,0,0,0,0,1,0,0,0,0,Sun Sep 28 2025 20:25:59 GMT+0000 (Coordinated Universal Time),Wed Oct 01 2025 18:54:34 GMT+0000 (Coordinated Universal Time)
dfdb27ff-796d-43af-b39c-635dc495e2da,c68e6ec2-d7db-4e32-80cf-d6c4291b273c,classic,1,0,0,0,0,0,0,0,0,0,Sun Sep 28 2025 20:26:00 GMT+0000 (Coordinated Universal Time),Wed Oct 01 2025 18:54:34 GMT+0000 (Coordinated Universal Time)
9f4f5edd-d8c7-4cea-8897-017832585901,9990af8a-c389-4970-9dfa-04a1ef0e2b3e,classic,1,0,0,0,0,1,0,0,0,0,Sun Sep 28 2025 20:26:22 GMT+0000 (Coordinated Universal Time),Wed Oct 01 2025 18:54:34 GMT+0000 (Coordinated Universal Time)
3234bc81-aff0-4e5c-87c8-dff38568ddc2,9990af8a-c389-4970-9dfa-04a1ef0e2b3e,classic,1,0,0,0,0,1,0,0,0,0,Sun Sep 28 2025 20:27:31 GMT+0000 (Coordinated Universal Time),Wed Oct 01 2025 18:54:34 GMT+0000 (Coordinated Universal Time)
3868b49d-063b-4592-90a9-459f2104813f,9990af8a-c389-4970-9dfa-04a1ef0e2b3e,classic,1,0,0,0,2,0,1,0,0,0,Sun Sep 28 2025 20:27:37 GMT+0000 (Coordinated Universal Time),Wed Oct 01 2025 18:54:34 GMT+0000 (Coordinated Universal Time)
d180de08-5d50-4998-8eff-532588fd3926,c68e6ec2-d7db-4e32-80cf-d6c4291b273c,classic,1,0,0,0,0,1,0,0,0,0,Sun Sep 28 2025 20:27:44 GMT+0000 (Coordinated Universal Time),Wed Oct 01 2025 18:54:34 GMT+0000 (Coordinated Universal Time)
7153801b-e5e0-4f49-91dd-441f0b3e01a9,c68e6ec2-d7db-4e32-80cf-d6c4291b273c,classic,1,0,0,0,0,2,0,0,0,0,Sun Sep 28 2025 21:11:17 GMT+0000 (Coordinated Universal Time),Wed Oct 01 2025 18:54:34 GMT+0000 (Coordinated Universal Time)
1ef486e7-b7df-49eb-bc20-5f3c856504b9,9990af8a-c389-4970-9dfa-04a1ef0e2b3e,all-in,1,0,0,0,0,44995,0,0,0,0,Mon Sep 29 2025 18:46:46 GMT+0000 (Coordinated Universal Time),Wed Oct 01 2025 18:54:34 GMT+0000 (Coordinated Universal Time)
c387a752-3065-4b3a-afe3-7abb5aac5bf5,9990af8a-c389-4970-9dfa-04a1ef0e2b3e,classic,1,0,0,0,0,4499,0,0,0,0,Mon Sep 29 2025 18:46:53 GMT+0000 (Coordinated Universal Time),Wed Oct 01 2025 18:54:34 GMT+0000 (Coordinated Universal Time)
be3ee2cf-1fa0-4e5f-913b-5bbdf23ddb9a,9990af8a-c389-4970-9dfa-04a1ef0e2b3e,high-stakes,1,0,0,0,1000,0,0,0,0,0,Mon Sep 29 2025 18:54:24 GMT+0000 (Coordinated Universal Time),Wed Oct 01 2025 18:54:34 GMT+0000 (Coordinated Universal Time)
6e0bc043-7b58-483d-8a3e-900c890570f2,9990af8a-c389-4970-9dfa-04a1ef0e2b3e,high-stakes,1,0,0,0,1500,0,0,0,0,0,Mon Sep 29 2025 18:54:34 GMT+0000 (Coordinated Universal Time),Wed Oct 01 2025 18:54:34 GMT+0000 (Coordinated Universal Time)
92db6262-8ad9-4c12-ab55-d6045bb8e3e4,9990af8a-c389-4970-9dfa-04a1ef0e2b3e,high-stakes,1,0,0,0,0,2000,0,0,0,0,Mon Sep 29 2025 18:54:42 GMT+0000 (Coordinated Universal Time),Wed Oct 01 2025 18:54:34 GMT+0000 (Coordinated Universal Time)
84a9b96f-2eaf-41aa-b7cd-ff2795518f6b,c68e6ec2-d7db-4e32-80cf-d6c4291b273c,classic,1,0,0,0,0,1,0,0,0,0,Mon Sep 29 2025 19:32:57 GMT+0000 (Coordinated Universal Time),Wed Oct 01 2025 18:54:34 GMT+0000 (Coordinated Universal Time)
ad97607f-c6d1-4a49-a2ea-cedb194f99e4,c68e6ec2-d7db-4e32-80cf-d6c4291b273c,classic,1,0,0,0,4,0,0,0,0,0,Mon Sep 29 2025 19:34:25 GMT+0000 (Coordinated Universal Time),Wed Oct 01 2025 18:54:34 GMT+0000 (Coordinated Universal Time)
864c098a-df93-4e7c-a7d7-025ed79466ed,c68e6ec2-d7db-4e32-80cf-d6c4291b273c,classic,1,0,0,0,0,0,0,0,0,0,Mon Sep 29 2025 19:34:31 GMT+0000 (Coordinated Universal Time),Wed Oct 01 2025 18:54:34 GMT+0000 (Coordinated Universal Time)
50b0cda0-e11f-42a4-940f-11f882837be4,c68e6ec2-d7db-4e32-80cf-d6c4291b273c,classic,1,0,0,0,0,19,0,0,0,0,Mon Sep 29 2025 19:34:48 GMT+0000 (Coordinated Universal Time),Wed Oct 01 2025 18:54:34 GMT+0000 (Coordinated Universal Time)
95df6d8b-75c1-4853-a6ac-aea9a34aa037,c68e6ec2-d7db-4e32-80cf-d6c4291b273c,classic,1,0,0,0,2,0,1,0,0,0,Mon Sep 29 2025 20:08:48 GMT+0000 (Coordinated Universal Time),Wed Oct 01 2025 18:54:34 GMT+0000 (Coordinated Universal Time)
95402b54-7a3e-44dc-b223-9485fab9dff4,c68e6ec2-d7db-4e32-80cf-d6c4291b273c,classic,1,0,0,0,0,0,0,0,0,0,Mon Sep 29 2025 20:09:06 GMT+0000 (Coordinated Universal Time),Wed Oct 01 2025 18:54:34 GMT+0000 (Coordinated Universal Time)
7b685d8d-9dd0-4c4c-b2cd-09e1afb6119e,c68e6ec2-d7db-4e32-80cf-d6c4291b273c,classic,1,0,0,0,4,0,0,0,0,0,Mon Sep 29 2025 20:09:32 GMT+0000 (Coordinated Universal Time),Wed Oct 01 2025 18:54:34 GMT+0000 (Coordinated Universal Time)
8a581daf-4ad4-4f4c-b7a2-96724f4e7d2e,c68e6ec2-d7db-4e32-80cf-d6c4291b273c,classic,1,0,0,0,0,1,0,0,0,0,Mon Sep 29 2025 20:29:53 GMT+0000 (Coordinated Universal Time),Wed Oct 01 2025 18:54:34 GMT+0000 (Coordinated Universal Time)
97ee401d-9971-4819-8133-2d93306c3ba9,9990af8a-c389-4970-9dfa-04a1ef0e2b3e,classic,1,0,0,0,2,0,0,0,0,0,Mon Sep 29 2025 20:40:34 GMT+0000 (Coordinated Universal Time),Wed Oct 01 2025 18:54:34 GMT+0000 (Coordinated Universal Time)
3a19f3a5-36a8-4de5-8023-b0f2ba2d4c60,9990af8a-c389-4970-9dfa-04a1ef0e2b3e,classic,1,0,0,0,2500,0,0,0,0,0,Mon Sep 29 2025 20:40:40 GMT+0000 (Coordinated Universal Time),Wed Oct 01 2025 18:54:34 GMT+0000 (Coordinated Universal Time)
ac86ccd8-ee5b-4558-8dc8-f6b943401e00,9990af8a-c389-4970-9dfa-04a1ef0e2b3e,classic,1,0,0,0,0,1,0,0,0,0,Mon Sep 29 2025 20:40:46 GMT+0000 (Coordinated Universal Time),Wed Oct 01 2025 18:54:34 GMT+0000 (Coordinated Universal Time)
320ffe4a-2a9d-4868-929c-dd90745dd6a3,9990af8a-c389-4970-9dfa-04a1ef0e2b3e,classic,1,0,0,0,36,0,0,0,0,0,Mon Sep 29 2025 20:40:56 GMT+0000 (Coordinated Universal Time),Wed Oct 01 2025 18:54:34 GMT+0000 (Coordinated Universal Time)
53d389a5-25ed-4f54-8249-46dddcb8a9c7,9990af8a-c389-4970-9dfa-04a1ef0e2b3e,classic,1,0,0,0,2,0,0,0,0,0,Mon Sep 29 2025 20:41:03 GMT+0000 (Coordinated Universal Time),Wed Oct 01 2025 18:54:34 GMT+0000 (Coordinated Universal Time)
123e19a0-3853-4061-a9f3-ac920da70d38,9990af8a-c389-4970-9dfa-04a1ef0e2b3e,classic,1,0,0,0,0,1,0,0,0,0,Mon Sep 29 2025 20:41:11 GMT+0000 (Coordinated Universal Time),Wed Oct 01 2025 18:54:34 GMT+0000 (Coordinated Universal Time)
00513d9b-540e-4e48-821f-9abab4133458,9990af8a-c389-4970-9dfa-04a1ef0e2b3e,classic,1,0,0,0,0,6268,0,0,0,0,Mon Sep 29 2025 20:41:19 GMT+0000 (Coordinated Universal Time),Wed Oct 01 2025 18:54:34 GMT+0000 (Coordinated Universal Time)
7809cd16-86c4-43d8-83e4-534b732d8d35,9990af8a-c389-4970-9dfa-04a1ef0e2b3e,classic,1,0,0,0,0,1,0,0,0,0,Mon Sep 29 2025 20:52:27 GMT+0000 (Coordinated Universal Time),Wed Oct 01 2025 18:54:34 GMT+0000 (Coordinated Universal Time)
f1212299-60cf-47dd-bf93-011d41fc7255,9990af8a-c389-4970-9dfa-04a1ef0e2b3e,classic,1,0,0,0,2,0,0,0,0,0,Mon Sep 29 2025 20:52:36 GMT+0000 (Coordinated Universal Time),Wed Oct 01 2025 18:54:34 GMT+0000 (Coordinated Universal Time)
a717120e-1080-49c3-adcc-c421194f7a4e,a04f1552-7132-48f2-a2c7-5cf91bf16582,classic,1,0,0,0,0,1,0,0,0,0,Mon Sep 29 2025 20:54:08 GMT+0000 (Coordinated Universal Time),Wed Oct 01 2025 18:54:34 GMT+0000 (Coordinated Universal Time)
4181a852-5250-4269-9393-01004b8f116b,a04f1552-7132-48f2-a2c7-5cf91bf16582,classic,1,0,0,0,2,0,0,0,0,0,Mon Sep 29 2025 20:54:16 GMT+0000 (Coordinated Universal Time),Wed Oct 01 2025 18:54:34 GMT+0000 (Coordinated Universal Time)
2861e822-c681-4438-85de-6e9a43867825,a04f1552-7132-48f2-a2c7-5cf91bf16582,classic,1,0,0,0,0,1,0,0,0,0,Mon Sep 29 2025 20:54:21 GMT+0000 (Coordinated Universal Time),Wed Oct 01 2025 18:54:34 GMT+0000 (Coordinated Universal Time)
b96481bb-4be6-4cda-b7bc-1f1ad665033e,a04f1552-7132-48f2-a2c7-5cf91bf16582,classic,1,0,0,0,4,0,0,0,0,0,Mon Sep 29 2025 20:54:26 GMT+0000 (Coordinated Universal Time),Wed Oct 01 2025 18:54:34 GMT+0000 (Coordinated Universal Time)
085d2e68-22ae-4888-97b8-b0b844c3942b,a04f1552-7132-48f2-a2c7-5cf91bf16582,classic,1,0,0,0,0,1,0,0,0,0,Mon Sep 29 2025 20:54:32 GMT+0000 (Coordinated Universal Time),Wed Oct 01 2025 18:54:34 GMT+0000 (Coordinated Universal Time)
6c445d1e-9af0-46dc-b16c-d4916a1641fe,a04f1552-7132-48f2-a2c7-5cf91bf16582,classic,1,0,0,0,2,0,0,0,0,0,Mon Sep 29 2025 20:54:38 GMT+0000 (Coordinated Universal Time),Wed Oct 01 2025 18:54:34 GMT+0000 (Coordinated Universal Time)
12ab76d1-dffa-4786-907e-f16da7363e9e,a04f1552-7132-48f2-a2c7-5cf91bf16582,classic,1,0,0,0,2,0,0,0,0,0,Mon Sep 29 2025 20:54:44 GMT+0000 (Coordinated Universal Time),Wed Oct 01 2025 18:54:34 GMT+0000 (Coordinated Universal Time)
c36baa74-341a-4d8c-b3cb-f76de31c529d,a04f1552-7132-48f2-a2c7-5cf91bf16582,high-stakes,1,0,0,0,2000476,0,0,0,0,0,Mon Sep 29 2025 21:07:24 GMT+0000 (Coordinated Universal Time),Wed Oct 01 2025 18:54:34 GMT+0000 (Coordinated Universal Time)
5b9350a9-cfe4-45c5-8eaf-3a3e61200c90,a04f1552-7132-48f2-a2c7-5cf91bf16582,high-stakes,1,0,0,0,0,212631,0,0,0,0,Mon Sep 29 2025 21:07:35 GMT+0000 (Coordinated Universal Time),Wed Oct 01 2025 18:54:34 GMT+0000 (Coordinated Universal Time)
01c3d7b3-ae62-451d-8f0c-1387a13806e8,a04f1552-7132-48f2-a2c7-5cf91bf16582,high-stakes,1,0,0,0,0,1197140,0,0,0,0,Mon Sep 29 2025 21:07:44 GMT+0000 (Coordinated Universal Time),Wed Oct 01 2025 18:54:34 GMT+0000 (Coordinated Universal Time)
675ad389-20b7-4b50-b836-f7ce10fbd281,a04f1552-7132-48f2-a2c7-5cf91bf16582,high-stakes,1,0,0,0,1795710,0,0,0,0,0,Mon Sep 29 2025 21:07:51 GMT+0000 (Coordinated Universal Time),Wed Oct 01 2025 18:54:34 GMT+0000 (Coordinated Universal Time)
aa60e397-ae57-40a2-80fc-c063da251c5e,a04f1552-7132-48f2-a2c7-5cf91bf16582,high-stakes,1,0,0,0,0,1,0,0,0,0,Mon Sep 29 2025 21:07:58 GMT+0000 (Coordinated Universal Time),Wed Oct 01 2025 18:54:34 GMT+0000 (Coordinated Universal Time)
fc4c9dd9-7b40-470e-96bf-cbd07788c040,a04f1552-7132-48f2-a2c7-5cf91bf16582,high-stakes,1,0,0,0,2,0,0,0,0,0,Mon Sep 29 2025 21:08:04 GMT+0000 (Coordinated Universal Time),Wed Oct 01 2025 18:54:34 GMT+0000 (Coordinated Universal Time)
4e654641-6783-4406-9e0d-9299b7f2e5f1,a04f1552-7132-48f2-a2c7-5cf91bf16582,high-stakes,1,0,0,0,0,1,0,0,0,0,Mon Sep 29 2025 21:08:11 GMT+0000 (Coordinated Universal Time),Wed Oct 01 2025 18:54:34 GMT+0000 (Coordinated Universal Time)
3a9136e1-529d-430f-beee-169366ec7706,a04f1552-7132-48f2-a2c7-5cf91bf16582,high-stakes,1,0,0,0,0,1,0,0,0,0,Mon Sep 29 2025 21:08:16 GMT+0000 (Coordinated Universal Time),Wed Oct 01 2025 18:54:34 GMT+0000 (Coordinated Universal Time)
9fb9f24f-8a24-43d5-8007-09bddb8a08a7,a04f1552-7132-48f2-a2c7-5cf91bf16582,high-stakes,1,0,0,0,2,0,0,0,0,0,Mon Sep 29 2025 21:08:22 GMT+0000 (Coordinated Universal Time),Wed Oct 01 2025 18:54:34 GMT+0000 (Coordinated Universal Time)
777dddc6-6ea1-4737-aede-b6a59cb2665d,a04f1552-7132-48f2-a2c7-5cf91bf16582,high-stakes,1,0,0,0,3,0,0,0,0,0,Mon Sep 29 2025 21:08:28 GMT+0000 (Coordinated Universal Time),Wed Oct 01 2025 18:54:34 GMT+0000 (Coordinated Universal Time)
2ff90dbf-852d-4159-ab14-924f8459f52a,a04f1552-7132-48f2-a2c7-5cf91bf16582,high-stakes,1,0,0,0,4489276,0,0,0,0,0,Mon Sep 29 2025 21:08:36 GMT+0000 (Coordinated Universal Time),Wed Oct 01 2025 18:54:34 GMT+0000 (Coordinated Universal Time)
6a229958-53b8-417f-9998-4e9436dba386,a04f1552-7132-48f2-a2c7-5cf91bf16582,high-stakes,1,0,0,0,0,7856732,0,0,0,0,Mon Sep 29 2025 21:14:46 GMT+0000 (Coordinated Universal Time),Wed Oct 01 2025 18:54:34 GMT+0000 (Coordinated Universal Time)
ef431a73-6429-4794-9c0f-510853a34b8a,9990af8a-c389-4970-9dfa-04a1ef0e2b3e,classic,1,0,0,0,0,0,0,0,0,0,Tue Sep 30 2025 08:36:22 GMT+0000 (Coordinated Universal Time),Wed Oct 01 2025 18:54:34 GMT+0000 (Coordinated Universal Time)
33797611-4eca-4169-8f08-a62302f0686e,9990af8a-c389-4970-9dfa-04a1ef0e2b3e,classic,1,0,0,0,2,0,0,0,0,0,Tue Sep 30 2025 08:36:29 GMT+0000 (Coordinated Universal Time),Wed Oct 01 2025 18:54:34 GMT+0000 (Coordinated Universal Time)
16dbdba1-b756-44e2-aa17-1df0af58fd0a,9990af8a-c389-4970-9dfa-04a1ef0e2b3e,classic,1,0,0,0,0,76,0,0,0,0,Tue Sep 30 2025 08:41:18 GMT+0000 (Coordinated Universal Time),Wed Oct 01 2025 18:54:34 GMT+0000 (Coordinated Universal Time)
ca746f6e-0c02-4884-b50a-f9443f2eaeee,9990af8a-c389-4970-9dfa-04a1ef0e2b3e,classic,1,0,0,0,0,75,0,0,0,0,Tue Sep 30 2025 08:41:26 GMT+0000 (Coordinated Universal Time),Wed Oct 01 2025 18:54:34 GMT+0000 (Coordinated Universal Time)
8287c17f-bf5b-45d2-bce0-a5faeab89f26,9990af8a-c389-4970-9dfa-04a1ef0e2b3e,classic,1,0,0,0,0,150,0,0,0,0,Tue Sep 30 2025 08:41:47 GMT+0000 (Coordinated Universal Time),Wed Oct 01 2025 18:54:34 GMT+0000 (Coordinated Universal Time)
47a6737e-d428-4347-9305-7ed15a0a6b03,9990af8a-c389-4970-9dfa-04a1ef0e2b3e,classic,1,0,0,0,2,0,0,0,0,0,Tue Sep 30 2025 08:49:41 GMT+0000 (Coordinated Universal Time),Wed Oct 01 2025 18:54:34 GMT+0000 (Coordinated Universal Time)
41bc6487-bd8d-4915-adf6-0babbae4092d,9990af8a-c389-4970-9dfa-04a1ef0e2b3e,classic,1,0,0,0,2,0,0,0,0,0,Tue Sep 30 2025 08:49:48 GMT+0000 (Coordinated Universal Time),Wed Oct 01 2025 18:54:34 GMT+0000 (Coordinated Universal Time)
b93afd82-2d13-4ca7-a819-838b6301773d,9990af8a-c389-4970-9dfa-04a1ef0e2b3e,classic,1,0,0,0,2,0,0,0,0,0,Tue Sep 30 2025 08:49:54 GMT+0000 (Coordinated Universal Time),Wed Oct 01 2025 18:54:34 GMT+0000 (Coordinated Universal Time)
217af4d8-4791-4062-b130-8bf49fba0885,9990af8a-c389-4970-9dfa-04a1ef0e2b3e,classic,1,0,0,0,2,0,0,0,0,0,Tue Sep 30 2025 08:50:00 GMT+0000 (Coordinated Universal Time),Wed Oct 01 2025 18:54:34 GMT+0000 (Coordinated Universal Time)
56c28467-e60a-4102-a9fa-6551ae80557f,9990af8a-c389-4970-9dfa-04a1ef0e2b3e,classic,1,0,0,0,0,1,0,0,0,0,Tue Sep 30 2025 08:50:07 GMT+0000 (Coordinated Universal Time),Wed Oct 01 2025 18:54:34 GMT+0000 (Coordinated Universal Time)
5fb981ca-ca9c-4f80-be5d-61de403fbee5,9990af8a-c389-4970-9dfa-04a1ef0e2b3e,classic,1,0,0,0,2,0,0,0,0,0,Tue Sep 30 2025 08:50:13 GMT+0000 (Coordinated Universal Time),Wed Oct 01 2025 18:54:34 GMT+0000 (Coordinated Universal Time)
c6b1c75b-ed61-43ce-9c30-389661c16fe1,9990af8a-c389-4970-9dfa-04a1ef0e2b3e,classic,1,0,0,0,0,1,0,0,0,0,Tue Sep 30 2025 08:50:20 GMT+0000 (Coordinated Universal Time),Wed Oct 01 2025 18:54:34 GMT+0000 (Coordinated Universal Time)
4828453e-25b4-497d-ad51-122ac97232f8,9990af8a-c389-4970-9dfa-04a1ef0e2b3e,classic,1,0,0,0,0,0,0,0,0,0,Tue Sep 30 2025 08:50:26 GMT+0000 (Coordinated Universal Time),Wed Oct 01 2025 18:54:34 GMT+0000 (Coordinated Universal Time)
aef05de1-1237-49b7-9fcf-cc2b1e37257f,9990af8a-c389-4970-9dfa-04a1ef0e2b3e,classic,1,0,0,0,0,1,0,0,0,0,Tue Sep 30 2025 08:50:33 GMT+0000 (Coordinated Universal Time),Wed Oct 01 2025 18:54:34 GMT+0000 (Coordinated Universal Time)
d6c4186b-9c1a-4164-9d24-25f1f93d8d43,9990af8a-c389-4970-9dfa-04a1ef0e2b3e,classic,1,0,0,0,0,1,0,0,0,0,Tue Sep 30 2025 08:50:38 GMT+0000 (Coordinated Universal Time),Wed Oct 01 2025 18:54:34 GMT+0000 (Coordinated Universal Time)
62a43586-789f-4a20-b0a6-2734379188a8,9990af8a-c389-4970-9dfa-04a1ef0e2b3e,classic,1,0,0,0,2,0,0,0,0,0,Tue Sep 30 2025 08:50:47 GMT+0000 (Coordinated Universal Time),Wed Oct 01 2025 18:54:34 GMT+0000 (Coordinated Universal Time)
c4366dc3-33c0-485d-b5f0-267a10cdedde,9990af8a-c389-4970-9dfa-04a1ef0e2b3e,classic,1,0,0,0,0,2015,0,0,0,0,Tue Sep 30 2025 08:58:42 GMT+0000 (Coordinated Universal Time),Wed Oct 01 2025 18:54:34 GMT+0000 (Coordinated Universal Time)
79037047-42f0-4acf-8e0a-9028c6cea7b1,9990af8a-c389-4970-9dfa-04a1ef0e2b3e,classic,1,0,0,0,0,1545,0,0,0,0,Tue Sep 30 2025 08:58:48 GMT+0000 (Coordinated Universal Time),Wed Oct 01 2025 18:54:34 GMT+0000 (Coordinated Universal Time)
1cd43311-10fa-43f5-872d-091538798dd8,9990af8a-c389-4970-9dfa-04a1ef0e2b3e,classic,1,0,0,0,50,0,0,0,0,0,Tue Sep 30 2025 13:03:48 GMT+0000 (Coordinated Universal Time),Wed Oct 01 2025 18:54:34 GMT+0000 (Coordinated Universal Time)
71f56fff-423e-4b5e-8f69-4b086ed6a268,9990af8a-c389-4970-9dfa-04a1ef0e2b3e,classic,1,0,0,0,88,0,0,0,0,0,Tue Sep 30 2025 13:03:54 GMT+0000 (Coordinated Universal Time),Wed Oct 01 2025 18:54:34 GMT+0000 (Coordinated Universal Time)
b9b117aa-7d4f-4f61-bd1f-10acc969f645,9990af8a-c389-4970-9dfa-04a1ef0e2b3e,classic,1,0,0,0,0,236,0,0,0,0,Tue Sep 30 2025 13:04:18 GMT+0000 (Coordinated Universal Time),Wed Oct 01 2025 18:54:34 GMT+0000 (Coordinated Universal Time)
a8a820d7-2221-4f8c-9d5e-2b2e7c840907,9990af8a-c389-4970-9dfa-04a1ef0e2b3e,classic,1,0,0,0,0,59,0,0,0,0,Tue Sep 30 2025 13:04:24 GMT+0000 (Coordinated Universal Time),Wed Oct 01 2025 18:54:34 GMT+0000 (Coordinated Universal Time)
3adec84c-ec33-4bec-9b36-7d1aac81963d,9990af8a-c389-4970-9dfa-04a1ef0e2b3e,classic,1,0,0,0,0,0,0,0,0,0,Tue Sep 30 2025 13:04:36 GMT+0000 (Coordinated Universal Time),Wed Oct 01 2025 18:54:34 GMT+0000 (Coordinated Universal Time)
4135c2e1-4c12-4cde-945b-5533591c1416,9990af8a-c389-4970-9dfa-04a1ef0e2b3e,classic,1,0,0,0,0,1,0,0,0,0,Tue Sep 30 2025 13:04:44 GMT+0000 (Coordinated Universal Time),Wed Oct 01 2025 18:54:34 GMT+0000 (Coordinated Universal Time)
1c702e9e-75d5-43ba-a45d-50a9fed45d0a,9990af8a-c389-4970-9dfa-04a1ef0e2b3e,classic,1,0,0,0,0,0,0,0,0,0,Tue Sep 30 2025 13:04:51 GMT+0000 (Coordinated Universal Time),Wed Oct 01 2025 18:54:34 GMT+0000 (Coordinated Universal Time)
d2eba103-e987-4569-aa05-b8437a22c60e,9990af8a-c389-4970-9dfa-04a1ef0e2b3e,classic,1,0,0,0,2,0,0,0,0,0,Tue Sep 30 2025 13:04:58 GMT+0000 (Coordinated Universal Time),Wed Oct 01 2025 18:54:34 GMT+0000 (Coordinated Universal Time)
f39985c1-d257-499a-9d1f-43996e43602a,9990af8a-c389-4970-9dfa-04a1ef0e2b3e,classic,1,0,0,0,2,0,0,0,0,0,Tue Sep 30 2025 13:05:04 GMT+0000 (Coordinated Universal Time),Wed Oct 01 2025 18:54:34 GMT+0000 (Coordinated Universal Time)
20f69bcf-258b-4e90-8084-3479e3bae1d2,9990af8a-c389-4970-9dfa-04a1ef0e2b3e,classic,1,0,0,0,2,0,1,0,0,0,Tue Sep 30 2025 13:05:17 GMT+0000 (Coordinated Universal Time),Wed Oct 01 2025 18:54:34 GMT+0000 (Coordinated Universal Time)
d7552979-f4f8-4e52-b6f0-2ec90041c321,9990af8a-c389-4970-9dfa-04a1ef0e2b3e,classic,1,0,0,0,1622,0,1,0,0,0,Tue Sep 30 2025 13:05:37 GMT+0000 (Coordinated Universal Time),Wed Oct 01 2025 18:54:34 GMT+0000 (Coordinated Universal Time)
6b3e2a63-97f2-4352-8ece-b510be0e3c8c,9990af8a-c389-4970-9dfa-04a1ef0e2b3e,classic,1,0,0,0,0,893,0,0,0,0,Tue Sep 30 2025 13:05:58 GMT+0000 (Coordinated Universal Time),Wed Oct 01 2025 18:54:34 GMT+0000 (Coordinated Universal Time)
afddd2b2-0713-43e5-996c-b81bc20af7c1,9990af8a-c389-4970-9dfa-04a1ef0e2b3e,classic,1,0,0,0,0,1339,0,0,0,0,Tue Sep 30 2025 13:06:05 GMT+0000 (Coordinated Universal Time),Wed Oct 01 2025 18:54:34 GMT+0000 (Coordinated Universal Time)
8485aee0-6255-4a8d-8d7d-5fd6faee50bc,9990af8a-c389-4970-9dfa-04a1ef0e2b3e,classic,1,0,0,0,0,335,0,0,0,0,Tue Sep 30 2025 13:06:11 GMT+0000 (Coordinated Universal Time),Wed Oct 01 2025 18:54:34 GMT+0000 (Coordinated Universal Time)
22c135a3-d6d3-49e6-9b73-6efc806cf027,9990af8a-c389-4970-9dfa-04a1ef0e2b3e,classic,1,0,0,0,2006,0,0,0,0,0,Tue Sep 30 2025 13:06:20 GMT+0000 (Coordinated Universal Time),Wed Oct 01 2025 18:54:34 GMT+0000 (Coordinated Universal Time)
92ebca8d-94db-414e-9163-c4c254d21ae4,9990af8a-c389-4970-9dfa-04a1ef0e2b3e,all-in,1,0,0,0,15918,0,0,0,0,0,Tue Sep 30 2025 13:10:16 GMT+0000 (Coordinated Universal Time),Wed Oct 01 2025 18:54:34 GMT+0000 (Coordinated Universal Time)
184283aa-394d-41cb-9868-55d3ea5900dd,9990af8a-c389-4970-9dfa-04a1ef0e2b3e,high-stakes,1,0,0,0,0,4767,0,0,0,0,Tue Sep 30 2025 13:59:35 GMT+0000 (Coordinated Universal Time),Wed Oct 01 2025 18:54:34 GMT+0000 (Coordinated Universal Time)
18a9707e-b70f-4c5d-9e95-be41eb39e0d2,9990af8a-c389-4970-9dfa-04a1ef0e2b3e,high-stakes,1,0,0,0,0,7151,0,0,0,0,Tue Sep 30 2025 13:59:42 GMT+0000 (Coordinated Universal Time),Wed Oct 01 2025 18:54:34 GMT+0000 (Coordinated Universal Time)
400dd379-3a09-44eb-b954-fc66e127ceef,9990af8a-c389-4970-9dfa-04a1ef0e2b3e,high-stakes,1,0,0,0,14780,0,0,0,0,0,Tue Sep 30 2025 13:59:49 GMT+0000 (Coordinated Universal Time),Wed Oct 01 2025 18:54:34 GMT+0000 (Coordinated Universal Time)
c05f5f5e-60ab-4a67-9804-cdefc0649160,c68e6ec2-d7db-4e32-80cf-d6c4291b273c,classic,1,0,0,0,0,1,0,0,0,0,Tue Sep 30 2025 16:28:44 GMT+0000 (Coordinated Universal Time),Wed Oct 01 2025 18:54:34 GMT+0000 (Coordinated Universal Time)
235f4f2c-e008-4fa7-bc70-767ac435bb31,c68e6ec2-d7db-4e32-80cf-d6c4291b273c,classic,1,0,0,0,0,1,0,0,0,0,Tue Sep 30 2025 16:29:10 GMT+0000 (Coordinated Universal Time),Wed Oct 01 2025 18:54:34 GMT+0000 (Coordinated Universal Time)
5eda57e6-69c2-4f72-b20a-de4adbcdfb95,c68e6ec2-d7db-4e32-80cf-d6c4291b273c,classic,1,0,0,0,2,0,0,0,0,0,Tue Sep 30 2025 16:29:21 GMT+0000 (Coordinated Universal Time),Wed Oct 01 2025 18:54:34 GMT+0000 (Coordinated Universal Time)
6ee70eb3-d974-4eb4-ad16-23c4e663c079,c68e6ec2-d7db-4e32-80cf-d6c4291b273c,classic,1,0,0,0,0,1,0,0,0,0,Tue Sep 30 2025 16:29:31 GMT+0000 (Coordinated Universal Time),Wed Oct 01 2025 18:54:34 GMT+0000 (Coordinated Universal Time)
72055a38-e87c-456f-8f9b-75c6ad41b08a,c68e6ec2-d7db-4e32-80cf-d6c4291b273c,classic,1,0,0,0,2,0,1,0,0,0,Tue Sep 30 2025 16:29:35 GMT+0000 (Coordinated Universal Time),Wed Oct 01 2025 18:54:34 GMT+0000 (Coordinated Universal Time)
0947cd47-b860-4421-87a0-b78bc7a3b808,9990af8a-c389-4970-9dfa-04a1ef0e2b3e,classic,1,0,0,0,2,0,0,0,0,0,Tue Sep 30 2025 20:12:10 GMT+0000 (Coordinated Universal Time),Wed Oct 01 2025 18:54:34 GMT+0000 (Coordinated Universal Time)
f599ea88-8210-459e-9938-5dda7d29adfe,9990af8a-c389-4970-9dfa-04a1ef0e2b3e,classic,1,0,0,0,0,1,0,0,0,0,Tue Sep 30 2025 20:12:15 GMT+0000 (Coordinated Universal Time),Wed Oct 01 2025 18:54:34 GMT+0000 (Coordinated Universal Time)
460ba0b0-1582-44fe-9ff2-3d8ef56cd55c,9990af8a-c389-4970-9dfa-04a1ef0e2b3e,classic,1,0,0,0,0,1,0,0,0,0,Tue Sep 30 2025 20:12:23 GMT+0000 (Coordinated Universal Time),Wed Oct 01 2025 18:54:34 GMT+0000 (Coordinated Universal Time)
8ded29f1-6b32-42d2-9e46-35d812593b3d,9990af8a-c389-4970-9dfa-04a1ef0e2b3e,classic,1,0,0,0,0,1,0,0,0,0,Tue Sep 30 2025 20:12:29 GMT+0000 (Coordinated Universal Time),Wed Oct 01 2025 18:54:34 GMT+0000 (Coordinated Universal Time)
c33ad9f9-7256-4a40-aea8-c14369402197,9990af8a-c389-4970-9dfa-04a1ef0e2b3e,classic,1,0,0,0,0,1,0,0,0,0,Tue Sep 30 2025 20:12:34 GMT+0000 (Coordinated Universal Time),Wed Oct 01 2025 18:54:34 GMT+0000 (Coordinated Universal Time)
48e50455-5321-4e80-9cba-5ace8af055f4,9990af8a-c389-4970-9dfa-04a1ef0e2b3e,classic,1,0,0,0,0,0,0,0,0,0,Tue Sep 30 2025 20:12:39 GMT+0000 (Coordinated Universal Time),Wed Oct 01 2025 18:54:34 GMT+0000 (Coordinated Universal Time)
b51b9438-38dc-42e9-b9ee-907e42b73b75,9990af8a-c389-4970-9dfa-04a1ef0e2b3e,classic,1,0,0,0,0,0,0,0,0,0,Tue Sep 30 2025 20:12:44 GMT+0000 (Coordinated Universal Time),Wed Oct 01 2025 18:54:34 GMT+0000 (Coordinated Universal Time)
b2f51a59-8da6-4a53-adb4-eab7e36a3463,9990af8a-c389-4970-9dfa-04a1ef0e2b3e,classic,1,0,0,0,2,0,0,0,0,0,Tue Sep 30 2025 20:12:49 GMT+0000 (Coordinated Universal Time),Wed Oct 01 2025 18:54:34 GMT+0000 (Coordinated Universal Time)
cbcf448a-04d2-4159-a482-14b5d2ae82eb,782634a5-ec40-4abe-a83a-30ff3cbac9d1,classic,1,0,0,0,0,0,0,0,0,0,Wed Oct 01 2025 16:33:30 GMT+0000 (Coordinated Universal Time),Wed Oct 01 2025 18:54:34 GMT+0000 (Coordinated Universal Time)
642dce78-9136-4af9-a867-a4510ec14a6a,9990af8a-c389-4970-9dfa-04a1ef0e2b3e,classic,1,0,0,0,19058,0,0,0,0,0,Wed Oct 01 2025 16:48:38 GMT+0000 (Coordinated Universal Time),Wed Oct 01 2025 18:54:34 GMT+0000 (Coordinated Universal Time)
2e4495f9-a478-410d-a87e-3f8c0a9399bd,9990af8a-c389-4970-9dfa-04a1ef0e2b3e,classic,1,0,0,0,2,0,0,0,0,0,Wed Oct 01 2025 16:49:48 GMT+0000 (Coordinated Universal Time),Wed Oct 01 2025 18:54:34 GMT+0000 (Coordinated Universal Time)
1b9458a0-4072-4613-9f25-40587aa0fdcc,9990af8a-c389-4970-9dfa-04a1ef0e2b3e,classic,1,0,0,0,0,0,0,0,0,0,Wed Oct 01 2025 16:49:53 GMT+0000 (Coordinated Universal Time),Wed Oct 01 2025 18:54:34 GMT+0000 (Coordinated Universal Time)
ccec97fd-c7b0-40d9-8012-51d39697380b,9990af8a-c389-4970-9dfa-04a1ef0e2b3e,classic,1,0,0,0,0,1,0,0,0,0,Wed Oct 01 2025 16:49:59 GMT+0000 (Coordinated Universal Time),Wed Oct 01 2025 18:54:34 GMT+0000 (Coordinated Universal Time)
eef725aa-658d-4de7-80b5-223a928da73d,9990af8a-c389-4970-9dfa-04a1ef0e2b3e,classic,1,0,0,0,2,0,0,0,0,0,Wed Oct 01 2025 16:50:07 GMT+0000 (Coordinated Universal Time),Wed Oct 01 2025 18:54:34 GMT+0000 (Coordinated Universal Time)
a5724651-4911-4af5-b1d9-0ba56625b0f5,9990af8a-c389-4970-9dfa-04a1ef0e2b3e,classic,1,0,0,0,0,1,0,0,0,0,Wed Oct 01 2025 16:50:12 GMT+0000 (Coordinated Universal Time),Wed Oct 01 2025 18:54:34 GMT+0000 (Coordinated Universal Time)
551d3e28-f645-4f6c-946f-0daaf996d0a8,9990af8a-c389-4970-9dfa-04a1ef0e2b3e,classic,1,0,0,0,0,1,0,0,0,0,Wed Oct 01 2025 16:50:22 GMT+0000 (Coordinated Universal Time),Wed Oct 01 2025 18:54:34 GMT+0000 (Coordinated Universal Time)
fde3bc84-f8c9-4ae1-b14c-3ef15249200e,9990af8a-c389-4970-9dfa-04a1ef0e2b3e,classic,1,0,0,0,2,0,0,0,0,0,Wed Oct 01 2025 16:50:28 GMT+0000 (Coordinated Universal Time),Wed Oct 01 2025 18:54:34 GMT+0000 (Coordinated Universal Time)
f800452a-489f-4d61-8c11-e2c1a6eff8e2,9990af8a-c389-4970-9dfa-04a1ef0e2b3e,classic,1,0,0,0,2,0,0,0,0,0,Wed Oct 01 2025 16:50:33 GMT+0000 (Coordinated Universal Time),Wed Oct 01 2025 18:54:34 GMT+0000 (Coordinated Universal Time)
c5624ce6-c220-4a0a-9c85-549c8ed319de,9990af8a-c389-4970-9dfa-04a1ef0e2b3e,classic,1,0,0,0,0,1,0,0,0,0,Wed Oct 01 2025 16:50:39 GMT+0000 (Coordinated Universal Time),Wed Oct 01 2025 18:54:34 GMT+0000 (Coordinated Universal Time)
bae241e4-27f9-46d4-8d65-cdf60e25ce29,9990af8a-c389-4970-9dfa-04a1ef0e2b3e,classic,1,0,0,0,0,1,0,0,0,0,Wed Oct 01 2025 16:50:43 GMT+0000 (Coordinated Universal Time),Wed Oct 01 2025 18:54:34 GMT+0000 (Coordinated Universal Time)
3d87de27-0818-46f0-8ffa-67248166fef5,9990af8a-c389-4970-9dfa-04a1ef0e2b3e,classic,1,0,0,0,0,0,0,0,0,0,Wed Oct 01 2025 16:50:48 GMT+0000 (Coordinated Universal Time),Wed Oct 01 2025 18:54:34 GMT+0000 (Coordinated Universal Time)
f032fb48-4b49-4f7f-8059-82f43d8618d2,9990af8a-c389-4970-9dfa-04a1ef0e2b3e,classic,1,0,0,0,0,1,0,0,0,0,Wed Oct 01 2025 16:50:53 GMT+0000 (Coordinated Universal Time),Wed Oct 01 2025 18:54:34 GMT+0000 (Coordinated Universal Time)
168dabb1-5ea8-48db-9be8-5e2832e7c0d1,9990af8a-c389-4970-9dfa-04a1ef0e2b3e,classic,1,0,0,0,2,0,0,0,0,0,Wed Oct 01 2025 16:50:58 GMT+0000 (Coordinated Universal Time),Wed Oct 01 2025 18:54:34 GMT+0000 (Coordinated Universal Time)
0282b0de-6440-4044-8493-22b2b2869dd4,9990af8a-c389-4970-9dfa-04a1ef0e2b3e,high-stakes,1,0,0,0,0,28966,0,0,0,0,Wed Oct 01 2025 16:51:58 GMT+0000 (Coordinated Universal Time),Wed Oct 01 2025 18:54:34 GMT+0000 (Coordinated Universal Time)
99ce9d01-61c0-499e-9d95-d6899e8aef30,702a8ab9-57fd-45ed-9b67-d9970cb2cc2d,classic,1,1,0,0,2,0,0,0,0,0,Wed Oct 01 2025 19:02:17 GMT+0000 (Coordinated Universal Time),Wed Oct 01 2025 19:02:17 GMT+0000 (Coordinated Universal Time)
5b7b36c7-5cfe-4bb4-bb2b-d575f8fb2284,702a8ab9-57fd-45ed-9b67-d9970cb2cc2d,classic,1,1,0,0,2,0,0,0,0,0,Wed Oct 01 2025 19:02:22 GMT+0000 (Coordinated Universal Time),Wed Oct 01 2025 19:02:22 GMT+0000 (Coordinated Universal Time)
032f8d35-26c1-466c-bcfd-45198665037b,702a8ab9-57fd-45ed-9b67-d9970cb2cc2d,classic,1,1,0,0,2,0,0,0,0,0,Wed Oct 01 2025 19:02:28 GMT+0000 (Coordinated Universal Time),Wed Oct 01 2025 19:02:28 GMT+0000 (Coordinated Universal Time)
58ea7c89-7794-4564-92ca-e5a0d50143d5,702a8ab9-57fd-45ed-9b67-d9970cb2cc2d,classic,1,1,0,0,2,0,0,0,0,0,Wed Oct 01 2025 19:02:33 GMT+0000 (Coordinated Universal Time),Wed Oct 01 2025 19:02:33 GMT+0000 (Coordinated Universal Time)
8953b00d-5735-4bbc-a0fa-20ce3ca2a82f,702a8ab9-57fd-45ed-9b67-d9970cb2cc2d,classic,1,0,0,0,0,1,0,0,0,0,Wed Oct 01 2025 19:02:39 GMT+0000 (Coordinated Universal Time),Wed Oct 01 2025 19:02:39 GMT+0000 (Coordinated Universal Time)
05fe88c6-d8df-44cf-9bde-098a19f5555a,702a8ab9-57fd-45ed-9b67-d9970cb2cc2d,classic,1,1,0,0,2,0,0,0,0,0,Wed Oct 01 2025 19:02:46 GMT+0000 (Coordinated Universal Time),Wed Oct 01 2025 19:02:46 GMT+0000 (Coordinated Universal Time)
fa0c4d2c-97ba-48aa-bd8e-e9d87118c665,702a8ab9-57fd-45ed-9b67-d9970cb2cc2d,classic,1,0,0,0,0,1,0,0,0,0,Wed Oct 01 2025 19:02:53 GMT+0000 (Coordinated Universal Time),Wed Oct 01 2025 19:02:53 GMT+0000 (Coordinated Universal Time)
2d730a31-2b25-4aee-9780-a29b2b3a7e7d,702a8ab9-57fd-45ed-9b67-d9970cb2cc2d,classic,1,1,0,0,2,0,0,0,0,0,Wed Oct 01 2025 19:02:58 GMT+0000 (Coordinated Universal Time),Wed Oct 01 2025 19:02:58 GMT+0000 (Coordinated Universal Time)
eda4e852-d0d8-44ff-948f-b40b50073b62,702a8ab9-57fd-45ed-9b67-d9970cb2cc2d,classic,1,0,0,0,0,1,0,0,0,0,Wed Oct 01 2025 19:03:34 GMT+0000 (Coordinated Universal Time),Wed Oct 01 2025 19:03:34 GMT+0000 (Coordinated Universal Time)
b5f43392-1f1b-4690-a11d-171eb95e7b2d,702a8ab9-57fd-45ed-9b67-d9970cb2cc2d,classic,1,0,0,0,0,1,0,0,0,0,Wed Oct 01 2025 19:03:39 GMT+0000 (Coordinated Universal Time),Wed Oct 01 2025 19:03:39 GMT+0000 (Coordinated Universal Time)
86908cfa-c383-4162-b23a-69a82dc8977e,702a8ab9-57fd-45ed-9b67-d9970cb2cc2d,classic,1,0,0,0,0,1,0,0,0,0,Wed Oct 01 2025 19:03:44 GMT+0000 (Coordinated Universal Time),Wed Oct 01 2025 19:03:44 GMT+0000 (Coordinated Universal Time)
56cdeb9b-94e1-4296-add0-5bfe5be568fc,702a8ab9-57fd-45ed-9b67-d9970cb2cc2d,classic,1,0,0,0,0,1,0,0,0,0,Wed Oct 01 2025 19:03:49 GMT+0000 (Coordinated Universal Time),Wed Oct 01 2025 19:03:49 GMT+0000 (Coordinated Universal Time)
2be55f6f-de89-49fd-b1a3-7db7e2104389,702a8ab9-57fd-45ed-9b67-d9970cb2cc2d,classic,1,0,0,0,0,1,0,0,0,0,Wed Oct 01 2025 19:03:54 GMT+0000 (Coordinated Universal Time),Wed Oct 01 2025 19:03:54 GMT+0000 (Coordinated Universal Time)
b6e1c918-8f63-4f27-8ed1-b3cccdc10df4,702a8ab9-57fd-45ed-9b67-d9970cb2cc2d,classic,1,1,0,0,2,0,0,0,0,0,Wed Oct 01 2025 19:03:58 GMT+0000 (Coordinated Universal Time),Wed Oct 01 2025 19:03:58 GMT+0000 (Coordinated Universal Time)
7c32919a-494a-4402-abc0-48e254df5cc4,702a8ab9-57fd-45ed-9b67-d9970cb2cc2d,classic,1,1,0,0,5320,0,0,0,0,0,Wed Oct 01 2025 19:04:06 GMT+0000 (Coordinated Universal Time),Wed Oct 01 2025 19:04:06 GMT+0000 (Coordinated Universal Time)
58a260d6-c501-48be-89b3-c8af3ce53366,702a8ab9-57fd-45ed-9b67-d9970cb2cc2d,classic,1,1,0,0,2,0,0,0,0,0,Wed Oct 01 2025 19:04:12 GMT+0000 (Coordinated Universal Time),Wed Oct 01 2025 19:04:12 GMT+0000 (Coordinated Universal Time)
1afb3e5e-4614-4e8f-8979-f131441e7558,702a8ab9-57fd-45ed-9b67-d9970cb2cc2d,classic,1,0,0,0,0,0,0,0,0,0,Wed Oct 01 2025 19:04:23 GMT+0000 (Coordinated Universal Time),Wed Oct 01 2025 19:04:23 GMT+0000 (Coordinated Universal Time)
017dfdad-8020-4463-851b-ab151f528698,702a8ab9-57fd-45ed-9b67-d9970cb2cc2d,classic,1,0,0,0,0,0,0,0,0,0,Wed Oct 01 2025 19:04:30 GMT+0000 (Coordinated Universal Time),Wed Oct 01 2025 19:04:30 GMT+0000 (Coordinated Universal Time)
7ee81fa7-c642-43cc-bf9c-e3dbf2e35521,702a8ab9-57fd-45ed-9b67-d9970cb2cc2d,classic,1,1,0,0,2,0,0,0,0,0,Wed Oct 01 2025 19:04:35 GMT+0000 (Coordinated Universal Time),Wed Oct 01 2025 19:04:35 GMT+0000 (Coordinated Universal Time)
137fc907-bbd5-42b5-8532-a087fcb137a8,702a8ab9-57fd-45ed-9b67-d9970cb2cc2d,classic,1,1,0,0,2,0,0,0,0,0,Wed Oct 01 2025 19:04:39 GMT+0000 (Coordinated Universal Time),Wed Oct 01 2025 19:04:39 GMT+0000 (Coordinated Universal Time)
c2338227-c89e-4c6b-b786-61771ef0aa16,702a8ab9-57fd-45ed-9b67-d9970cb2cc2d,classic,1,0,0,0,0,1,0,0,0,0,Wed Oct 01 2025 19:04:45 GMT+0000 (Coordinated Universal Time),Wed Oct 01 2025 19:04:45 GMT+0000 (Coordinated Universal Time)
98b03177-314a-4b84-af25-7cae68aa8d46,702a8ab9-57fd-45ed-9b67-d9970cb2cc2d,classic,1,1,0,0,2,0,0,0,0,0,Wed Oct 01 2025 19:04:51 GMT+0000 (Coordinated Universal Time),Wed Oct 01 2025 19:04:51 GMT+0000 (Coordinated Universal Time)
de32b2ae-e83e-42b2-9f79-aa79af361f97,9990af8a-c389-4970-9dfa-04a1ef0e2b3e,classic,1,0,0,0,0,1,0,0,0,0,Wed Oct 01 2025 19:07:27 GMT+0000 (Coordinated Universal Time),Wed Oct 01 2025 19:07:27 GMT+0000 (Coordinated Universal Time)
3c9dab51-c8fd-4bb4-85bc-27c009259091,9990af8a-c389-4970-9dfa-04a1ef0e2b3e,classic,1,0,0,0,0,1250,0,0,0,0,Wed Oct 01 2025 19:07:33 GMT+0000 (Coordinated Universal Time),Wed Oct 01 2025 19:07:33 GMT+0000 (Coordinated Universal Time)
6c5cb947-5cbe-4377-953f-8bf850d24aa6,9990af8a-c389-4970-9dfa-04a1ef0e2b3e,classic,1,0,0,0,0,0,0,0,0,0,Wed Oct 01 2025 19:07:41 GMT+0000 (Coordinated Universal Time),Wed Oct 01 2025 19:07:41 GMT+0000 (Coordinated Universal Time)
f377db28-8e99-4118-bfc2-fc19b68d8d5c,9990af8a-c389-4970-9dfa-04a1ef0e2b3e,classic,1,1,0,0,2,0,0,0,0,0,Wed Oct 01 2025 19:07:47 GMT+0000 (Coordinated Universal Time),Wed Oct 01 2025 19:07:47 GMT+0000 (Coordinated Universal Time)
79ab61e2-79df-4cab-9216-f2ee087c1d88,c68e6ec2-d7db-4e32-80cf-d6c4291b273c,classic,1,0,0,0,0,1,0,0,0,0,Wed Oct 01 2025 19:13:54 GMT+0000 (Coordinated Universal Time),Wed Oct 01 2025 19:13:54 GMT+0000 (Coordinated Universal Time)
c94a150c-c2b0-4465-95ce-b54c0c94faaf,c68e6ec2-d7db-4e32-80cf-d6c4291b273c,classic,1,0,0,0,0,1,0,0,0,0,Wed Oct 01 2025 19:20:24 GMT+0000 (Coordinated Universal Time),Wed Oct 01 2025 19:20:24 GMT+0000 (Coordinated Universal Time)
3ae5bfbb-4d3e-4179-8d17-530aa878b4db,c68e6ec2-d7db-4e32-80cf-d6c4291b273c,classic,1,1,0,0,2,0,0,0,0,0,Wed Oct 01 2025 19:20:30 GMT+0000 (Coordinated Universal Time),Wed Oct 01 2025 19:20:30 GMT+0000 (Coordinated Universal Time)
0ba23c55-1244-4fc3-95a3-a05fb15048fa,c68e6ec2-d7db-4e32-80cf-d6c4291b273c,classic,1,0,0,0,0,1,0,0,0,0,Wed Oct 01 2025 19:20:37 GMT+0000 (Coordinated Universal Time),Wed Oct 01 2025 19:20:37 GMT+0000 (Coordinated Universal Time)
6e89094b-823b-4eb9-b1ea-337cdd766127,9990af8a-c389-4970-9dfa-04a1ef0e2b3e,classic,1,1,0,0,1900,0,0,0,0,0,Wed Oct 01 2025 19:40:59 GMT+0000 (Coordinated Universal Time),Wed Oct 01 2025 19:40:59 GMT+0000 (Coordinated Universal Time)
1ed58f2a-88bf-444f-aa7b-eb4926062d89,9990af8a-c389-4970-9dfa-04a1ef0e2b3e,classic,1,0,0,0,0,1203,0,0,0,0,Wed Oct 01 2025 19:41:07 GMT+0000 (Coordinated Universal Time),Wed Oct 01 2025 19:41:07 GMT+0000 (Coordinated Universal Time)